ID,reviewId,book_ID,rating,reviewerName,reviewedAt,title,comment
e159968a-037f-5ea7-99de-85d0415c600b,REV0001,a76568d4-389b-5ab7-98da-521b81477f91,3,Alex Tran,2026-01-02T09:00:00+07:00,Useful but uneven chapter organization,"Alex Tran read Clean Architecture in Practice for a team reading group and focused on its chapter organization. The book offered a useful foundation, although some arguments needed fuller examples. The most useful part was chapter 1, which connected the main theme to a concrete decision."
ecd98f31-8f0d-5350-b84b-3a55b054a78d,REV0002,a76568d4-389b-5ab7-98da-521b81477f91,3,Bao Nguyen,2026-02-05T10:11:00+07:00,Useful but uneven worked examples,"Bao Nguyen read Clean Architecture in Practice for a management workshop and focused on its worked examples. The book offered a useful foundation, although some arguments needed fuller examples. The most useful part was chapter 2, which connected the main theme to a concrete decision."
d646f06d-97be-5250-a681-10d8d1d779d7,REV0003,a76568d4-389b-5ab7-98da-521b81477f91,3,Carla Ruiz,2026-03-08T11:22:00+07:00,Useful but uneven technical depth,"Carla Ruiz read Clean Architecture in Practice for an architecture review and focused on its technical depth. The book offered a useful foundation, although some arguments needed fuller examples. The most useful part was chapter 3, which connected the main theme to a concrete decision."
439a15e3-5d1f-52e7-8191-b0ccb73cdb60,REV0004,a76568d4-389b-5ab7-98da-521b81477f91,3,Darius King,2026-04-11T12:33:00+07:00,Useful but uneven clarity of definitions,"Darius King read Clean Architecture in Practice for independent study and focused on its clarity of definitions. The book offered a useful foundation, although some arguments needed fuller examples. The most useful part was chapter 4, which connected the main theme to a concrete decision."
c74b81c7-d19e-5b93-9535-c3a6e8af542c,REV0005,a76568d4-389b-5ab7-98da-521b81477f91,3,Elise Martin,2026-05-14T13:44:00+07:00,Useful but uneven pacing,"Elise Martin read Clean Architecture in Practice for a project retrospective and focused on its pacing. The book offered a useful foundation, although some arguments needed fuller examples. The most useful part was chapter 5, which connected the main theme to a concrete decision."
cd9dc6be-e210-5508-b8f1-7a7c9ed9c401,REV0006,a76568d4-389b-5ab7-98da-521b81477f91,3,Fatima Noor,2026-06-17T14:55:00+07:00,Useful but uneven reference value,"Fatima Noor read Clean Architecture in Practice for a university seminar and focused on its reference value. The book offered a useful foundation, although some arguments needed fuller examples. The most useful part was chapter 6, which connected the main theme to a concrete decision."
9fecfd18-e924-5eb4-a115-3f973a79bed3,REV0007,a76568d4-389b-5ab7-98da-521b81477f91,3,George Lim,2026-07-20T15:06:00+07:00,Useful but uneven case-study selection,"George Lim read Clean Architecture in Practice for a team reading group and focused on its case-study selection. The book offered a useful foundation, although some arguments needed fuller examples. The most useful part was chapter 7, which connected the main theme to a concrete decision."
5c81f664-36a8-5e8a-b3aa-14863f2dcb2c,REV0008,a76568d4-389b-5ab7-98da-521b81477f91,3,Hana Lee,2026-08-23T16:17:00+07:00,Useful but uneven practical exercises,"Hana Lee read Clean Architecture in Practice for a management workshop and focused on its practical exercises. The book offered a useful foundation, although some arguments needed fuller examples. The most useful part was chapter 8, which connected the main theme to a concrete decision."
1635650c-2c80-5f8d-8b12-725e38f9c502,REV0009,a76568d4-389b-5ab7-98da-521b81477f91,2,Ivan Petrov,2026-09-26T17:28:00+07:00,Limited visual explanations,"Ivan Petrov read Clean Architecture in Practice for an architecture review and focused on its visual explanations. Several ideas were promising, but the explanation and evidence were uneven. The most useful part was chapter 9, which connected the main theme to a concrete decision."
3abaf737-5bbc-534e-af67-fd330d3c10d0,REV0010,a76568d4-389b-5ab7-98da-521b81477f91,2,Julia Santos,2026-10-04T18:39:00+07:00,Limited closing synthesis,"Julia Santos read Clean Architecture in Practice for independent study and focused on its closing synthesis. Several ideas were promising, but the explanation and evidence were uneven. The most useful part was chapter 10, which connected the main theme to a concrete decision."
9f6b3168-b959-526a-a04e-602779687f06,REV0011,33ae0524-fd80-5f02-aeaa-643980d90460,5,Bao Nguyen,2026-01-07T09:50:00+07:00,Excellent chapter organization,"Bao Nguyen read Pragmatic Delivery for a project retrospective and focused on its chapter organization. The material was precise, memorable, and immediately useful. The most useful part was chapter 11, which connected the main theme to a concrete decision."
99eb6fd9-2111-5710-a9cc-056133864574,REV0012,33ae0524-fd80-5f02-aeaa-643980d90460,5,Carla Ruiz,2026-02-10T10:01:00+07:00,Excellent worked examples,"Carla Ruiz read Pragmatic Delivery for a university seminar and focused on its worked examples. The material was precise, memorable, and immediately useful. The most useful part was chapter 12, which connected the main theme to a concrete decision."
d49f0ecc-d3ba-5bde-997b-fc0e6a40d425,REV0013,33ae0524-fd80-5f02-aeaa-643980d90460,5,Darius King,2026-03-13T11:12:00+07:00,Excellent technical depth,"Darius King read Pragmatic Delivery for a team reading group and focused on its technical depth. The material was precise, memorable, and immediately useful. The most useful part was chapter 1, which connected the main theme to a concrete decision."
52dc6eb8-bf79-5055-b6d1-0aab02bdc2b4,REV0014,33ae0524-fd80-5f02-aeaa-643980d90460,5,Elise Martin,2026-04-16T12:23:00+07:00,Excellent clarity of definitions,"Elise Martin read Pragmatic Delivery for a management workshop and focused on its clarity of definitions. The material was precise, memorable, and immediately useful. The most useful part was chapter 2, which connected the main theme to a concrete decision."
b78fa389-4247-5ecc-a03c-eff6f0c5073a,REV0015,33ae0524-fd80-5f02-aeaa-643980d90460,5,Fatima Noor,2026-05-19T13:34:00+07:00,Excellent pacing,"Fatima Noor read Pragmatic Delivery for an architecture review and focused on its pacing. The material was precise, memorable, and immediately useful. The most useful part was chapter 3, which connected the main theme to a concrete decision."
ac6e60b0-f5ea-5194-8550-da250ee216a4,REV0016,33ae0524-fd80-5f02-aeaa-643980d90460,5,George Lim,2026-06-22T14:45:00+07:00,Excellent reference value,"George Lim read Pragmatic Delivery for independent study and focused on its reference value. The material was precise, memorable, and immediately useful. The most useful part was chapter 4, which connected the main theme to a concrete decision."
c25392e3-a992-5171-8e60-a669446d849d,REV0017,33ae0524-fd80-5f02-aeaa-643980d90460,5,Hana Lee,2026-07-25T15:56:00+07:00,Excellent case-study selection,"Hana Lee read Pragmatic Delivery for a project retrospective and focused on its case-study selection. The material was precise, memorable, and immediately useful. The most useful part was chapter 5, which connected the main theme to a concrete decision."
2e96e420-56c5-51c3-9972-a43a760e2b22,REV0018,33ae0524-fd80-5f02-aeaa-643980d90460,5,Ivan Petrov,2026-08-03T16:07:00+07:00,Excellent practical exercises,"Ivan Petrov read Pragmatic Delivery for a university seminar and focused on its practical exercises. The material was precise, memorable, and immediately useful. The most useful part was chapter 6, which connected the main theme to a concrete decision."
d22f3d74-6d3c-5484-a4f8-a6da77d58ef5,REV0019,33ae0524-fd80-5f02-aeaa-643980d90460,5,Julia Santos,2026-09-06T17:18:00+07:00,Excellent visual explanations,"Julia Santos read Pragmatic Delivery for a team reading group and focused on its visual explanations. The material was precise, memorable, and immediately useful. The most useful part was chapter 7, which connected the main theme to a concrete decision."
22d0879b-1841-5cb4-a3b1-8bf481496146,REV0020,33ae0524-fd80-5f02-aeaa-643980d90460,4,Alex Tran,2026-10-09T18:29:00+07:00,Strong closing synthesis,"Alex Tran read Pragmatic Delivery for a management workshop and focused on its closing synthesis. The material was strong overall, with only a few sections needing more detail. The most useful part was chapter 8, which connected the main theme to a concrete decision."
84730408-3072-5ef0-97cc-4b8bdd6a381c,REV0021,4420e743-7170-5427-a843-482d3893cc03,4,Carla Ruiz,2026-01-12T09:40:00+07:00,Strong chapter organization,"Carla Ruiz read Patterns for Maintainable Systems for an architecture review and focused on its chapter organization. The material was strong overall, with only a few sections needing more detail. The most useful part was chapter 9, which connected the main theme to a concrete decision."
ce0c22a6-1fed-5ea0-8433-aa14a5ae8efb,REV0022,4420e743-7170-5427-a843-482d3893cc03,5,Darius King,2026-02-15T10:51:00+07:00,Excellent worked examples,"Darius King read Patterns for Maintainable Systems for independent study and focused on its worked examples. The material was precise, memorable, and immediately useful. The most useful part was chapter 10, which connected the main theme to a concrete decision."
a06ed23d-5a29-5454-bcc2-cd7ccb8e5737,REV0023,4420e743-7170-5427-a843-482d3893cc03,5,Elise Martin,2026-03-18T11:02:00+07:00,Excellent technical depth,"Elise Martin read Patterns for Maintainable Systems for a project retrospective and focused on its technical depth. The material was precise, memorable, and immediately useful. The most useful part was chapter 11, which connected the main theme to a concrete decision."
950d49bd-694d-57bb-90a2-545fe5ef9228,REV0024,b68be64d-5218-5788-a5fe-b3e05e66829f,3,Darius King,2026-04-21T12:13:00+07:00,Useful but uneven clarity of definitions,"Darius King read Refactoring at Scale for a university seminar and focused on its clarity of definitions. The book offered a useful foundation, although some arguments needed fuller examples. The most useful part was chapter 12, which connected the main theme to a concrete decision."
6fd2bbd2-a825-512b-8196-3fd5fb41aced,REV0025,b68be64d-5218-5788-a5fe-b3e05e66829f,3,Elise Martin,2026-05-24T13:24:00+07:00,Useful but uneven pacing,"Elise Martin read Refactoring at Scale for a team reading group and focused on its pacing. The book offered a useful foundation, although some arguments needed fuller examples. The most useful part was chapter 1, which connected the main theme to a concrete decision."
4cd14208-d837-50aa-a4ae-896d1f2c6b5d,REV0026,b68be64d-5218-5788-a5fe-b3e05e66829f,4,Fatima Noor,2026-06-02T14:35:00+07:00,Strong reference value,"Fatima Noor read Refactoring at Scale for a management workshop and focused on its reference value. The material was strong overall, with only a few sections needing more detail. The most useful part was chapter 2, which connected the main theme to a concrete decision."
43fca332-6ac0-575e-a3f9-ceeab399b302,REV0027,5d21f628-8765-55cd-a87b-bb24ed505a30,2,Elise Martin,2026-07-05T15:46:00+07:00,Limited case-study selection,"Elise Martin read Testing Modern Applications for an architecture review and focused on its case-study selection. Several ideas were promising, but the explanation and evidence were uneven. The most useful part was chapter 3, which connected the main theme to a concrete decision."
bf95e1d9-cae8-5cef-8c87-50e94b87fc92,REV0028,5d21f628-8765-55cd-a87b-bb24ed505a30,3,Fatima Noor,2026-08-08T16:57:00+07:00,Useful but uneven practical exercises,"Fatima Noor read Testing Modern Applications for independent study and focused on its practical exercises. The book offered a useful foundation, although some arguments needed fuller examples. The most useful part was chapter 4, which connected the main theme to a concrete decision."
d991f757-3364-5ebf-b994-ad15417f1187,REV0029,5d21f628-8765-55cd-a87b-bb24ed505a30,4,George Lim,2026-09-11T17:08:00+07:00,Strong visual explanations,"George Lim read Testing Modern Applications for a project retrospective and focused on its visual explanations. The material was strong overall, with only a few sections needing more detail. The most useful part was chapter 5, which connected the main theme to a concrete decision."
ff188f44-4863-57c6-9a86-a7790ab84d2d,REV0030,6082ff32-0c2a-5998-a274-9d2e7839f3c7,3,Fatima Noor,2026-10-14T18:19:00+07:00,Useful but uneven closing synthesis,"Fatima Noor read JavaScript Essentials for a university seminar and focused on its closing synthesis. The book offered a useful foundation, although some arguments needed fuller examples. The most useful part was chapter 6, which connected the main theme to a concrete decision."
6d3300c9-e1f3-51fc-9035-af4dbcf0d350,REV0031,6082ff32-0c2a-5998-a274-9d2e7839f3c7,4,George Lim,2026-01-17T09:30:00+07:00,Strong chapter organization,"George Lim read JavaScript Essentials for a team reading group and focused on its chapter organization. The material was strong overall, with only a few sections needing more detail. The most useful part was chapter 7, which connected the main theme to a concrete decision."
ab6935fc-67a5-5287-b245-8e50a4f9d391,REV0032,6082ff32-0c2a-5998-a274-9d2e7839f3c7,4,Hana Lee,2026-02-20T10:41:00+07:00,Strong worked examples,"Hana Lee read JavaScript Essentials for a management workshop and focused on its worked examples. The material was strong overall, with only a few sections needing more detail. The most useful part was chapter 8, which connected the main theme to a concrete decision."
e5382a27-0934-59fd-9e6d-1e9c6a740a4d,REV0033,99d1f116-2a3e-57ba-a443-796c53683495,4,George Lim,2026-03-23T11:52:00+07:00,Strong technical depth,"George Lim read Effective TypeScript Patterns for an architecture review and focused on its technical depth. The material was strong overall, with only a few sections needing more detail. The most useful part was chapter 9, which connected the main theme to a concrete decision."
e390e47f-38f8-5584-9a06-8fff4d0797c4,REV0034,99d1f116-2a3e-57ba-a443-796c53683495,4,Hana Lee,2026-04-26T12:03:00+07:00,Strong clarity of definitions,"Hana Lee read Effective TypeScript Patterns for independent study and focused on its clarity of definitions. The material was strong overall, with only a few sections needing more detail. The most useful part was chapter 10, which connected the main theme to a concrete decision."
2de4ce0a-3618-52d3-b8c0-c47f92238c6d,REV0035,99d1f116-2a3e-57ba-a443-796c53683495,5,Ivan Petrov,2026-05-04T13:14:00+07:00,Excellent pacing,"Ivan Petrov read Effective TypeScript Patterns for a project retrospective and focused on its pacing. The material was precise, memorable, and immediately useful. The most useful part was chapter 11, which connected the main theme to a concrete decision."
32db00ab-aaf1-589a-9bd8-42390af2d33a,REV0036,53b81276-1fb0-5741-bb4e-099ad1653c52,4,Hana Lee,2026-06-07T14:25:00+07:00,Strong reference value,"Hana Lee read Python for Data Work for a university seminar and focused on its reference value. The material was strong overall, with only a few sections needing more detail. The most useful part was chapter 12, which connected the main theme to a concrete decision."
0738cc83-65df-55e6-83a3-ef7bd13ef1cf,REV0037,53b81276-1fb0-5741-bb4e-099ad1653c52,5,Ivan Petrov,2026-07-10T15:36:00+07:00,Excellent case-study selection,"Ivan Petrov read Python for Data Work for a team reading group and focused on its case-study selection. The material was precise, memorable, and immediately useful. The most useful part was chapter 1, which connected the main theme to a concrete decision."
bfbc0033-85a2-513d-983b-d0fb1937368f,REV0038,53b81276-1fb0-5741-bb4e-099ad1653c52,5,Julia Santos,2026-08-13T16:47:00+07:00,Excellent practical exercises,"Julia Santos read Python for Data Work for a management workshop and focused on its practical exercises. The material was precise, memorable, and immediately useful. The most useful part was chapter 2, which connected the main theme to a concrete decision."
4b4f8a4e-05e9-5064-95dd-abdc33487132,REV0039,dad139a9-e096-583b-9b3d-200fd135baa5,3,Ivan Petrov,2026-09-16T17:58:00+07:00,Useful but uneven visual explanations,"Ivan Petrov read Modern Web Components for an architecture review and focused on its visual explanations. The book offered a useful foundation, although some arguments needed fuller examples. The most useful part was chapter 3, which connected the main theme to a concrete decision."
def82a63-6dc9-5d4b-87fe-b51261814e36,REV0040,dad139a9-e096-583b-9b3d-200fd135baa5,3,Julia Santos,2026-10-19T18:09:00+07:00,Useful but uneven closing synthesis,"Julia Santos read Modern Web Components for independent study and focused on its closing synthesis. The book offered a useful foundation, although some arguments needed fuller examples. The most useful part was chapter 4, which connected the main theme to a concrete decision."
855c6521-cacc-5bf2-97eb-36b80cea0ce0,REV0041,dad139a9-e096-583b-9b3d-200fd135baa5,4,Alex Tran,2026-01-22T09:20:00+07:00,Strong chapter organization,"Alex Tran read Modern Web Components for a project retrospective and focused on its chapter organization. The material was strong overall, with only a few sections needing more detail. The most useful part was chapter 5, which connected the main theme to a concrete decision."
47694f60-d891-5f54-b983-e4d8f8f58a0e,REV0042,662bd09d-481e-5c7b-994a-9de161f66f4e,2,Julia Santos,2026-02-25T10:31:00+07:00,Limited worked examples,"Julia Santos read Accessible Frontends for a university seminar and focused on its worked examples. Several ideas were promising, but the explanation and evidence were uneven. The most useful part was chapter 6, which connected the main theme to a concrete decision."
160b2019-775b-576c-a89d-1f9bb50d0225,REV0043,662bd09d-481e-5c7b-994a-9de161f66f4e,3,Alex Tran,2026-03-03T11:42:00+07:00,Useful but uneven technical depth,"Alex Tran read Accessible Frontends for a team reading group and focused on its technical depth. The book offered a useful foundation, although some arguments needed fuller examples. The most useful part was chapter 7, which connected the main theme to a concrete decision."
b8c3a59d-95f6-50a6-b5aa-09909d4c029e,REV0044,662bd09d-481e-5c7b-994a-9de161f66f4e,4,Bao Nguyen,2026-04-06T12:53:00+07:00,Strong clarity of definitions,"Bao Nguyen read Accessible Frontends for a management workshop and focused on its clarity of definitions. The material was strong overall, with only a few sections needing more detail. The most useful part was chapter 8, which connected the main theme to a concrete decision."
c9b6e7f9-1a09-506b-b4ef-df1997056f43,REV0045,52da7c0f-a130-59a8-8a83-c39fafe889bb,3,Alex Tran,2026-05-09T13:04:00+07:00,Useful but uneven pacing,"Alex Tran read Data Products That Work for an architecture review and focused on its pacing. The book offered a useful foundation, although some arguments needed fuller examples. The most useful part was chapter 9, which connected the main theme to a concrete decision."
60137051-c5ea-50f3-b760-6cc846664b45,REV0046,52da7c0f-a130-59a8-8a83-c39fafe889bb,4,Bao Nguyen,2026-06-12T14:15:00+07:00,Strong reference value,"Bao Nguyen read Data Products That Work for independent study and focused on its reference value. The material was strong overall, with only a few sections needing more detail. The most useful part was chapter 10, which connected the main theme to a concrete decision."
d331bfe6-84ce-5275-9216-cc7579dc69c8,REV0047,52da7c0f-a130-59a8-8a83-c39fafe889bb,4,Carla Ruiz,2026-07-15T15:26:00+07:00,Strong case-study selection,"Carla Ruiz read Data Products That Work for a project retrospective and focused on its case-study selection. The material was strong overall, with only a few sections needing more detail. The most useful part was chapter 11, which connected the main theme to a concrete decision."
ef68dba9-e74c-541f-baeb-bef1ea05526e,REV0048,f0fdb0de-8afc-5f05-b5f8-c38203b8965f,4,Bao Nguyen,2026-08-18T16:37:00+07:00,Strong practical exercises,"Bao Nguyen read Machine Learning Operations for a university seminar and focused on its practical exercises. The material was strong overall, with only a few sections needing more detail. The most useful part was chapter 12, which connected the main theme to a concrete decision."
3465a236-8737-5e6a-bad2-972c4448892c,REV0049,f0fdb0de-8afc-5f05-b5f8-c38203b8965f,4,Carla Ruiz,2026-09-21T17:48:00+07:00,Strong visual explanations,"Carla Ruiz read Machine Learning Operations for a team reading group and focused on its visual explanations. The material was strong overall, with only a few sections needing more detail. The most useful part was chapter 1, which connected the main theme to a concrete decision."
fc321e8a-c52d-56f0-9868-6755c5c0c214,REV0050,f0fdb0de-8afc-5f05-b5f8-c38203b8965f,5,Darius King,2026-10-24T18:59:00+07:00,Excellent closing synthesis,"Darius King read Machine Learning Operations for a management workshop and focused on its closing synthesis. The material was precise, memorable, and immediately useful. The most useful part was chapter 2, which connected the main theme to a concrete decision."
28855f74-6593-5585-872d-108ab0c314c3,REV0051,41b74bd0-fb55-58c6-bb82-3660adea882d,4,Carla Ruiz,2026-01-02T09:10:00+07:00,Strong chapter organization,"Carla Ruiz read Responsible AI Systems for an architecture review and focused on its chapter organization. The material was strong overall, with only a few sections needing more detail. The most useful part was chapter 3, which connected the main theme to a concrete decision."
daf6d770-8dbe-593e-a3b4-b3704f2e9f5e,REV0052,41b74bd0-fb55-58c6-bb82-3660adea882d,5,Darius King,2026-02-05T10:21:00+07:00,Excellent worked examples,"Darius King read Responsible AI Systems for independent study and focused on its worked examples. The material was precise, memorable, and immediately useful. The most useful part was chapter 4, which connected the main theme to a concrete decision."
e7ba10ea-cdc9-572c-8e2b-9d8950e66a5b,REV0053,41b74bd0-fb55-58c6-bb82-3660adea882d,5,Elise Martin,2026-03-08T11:32:00+07:00,Excellent technical depth,"Elise Martin read Responsible AI Systems for a project retrospective and focused on its technical depth. The material was precise, memorable, and immediately useful. The most useful part was chapter 5, which connected the main theme to a concrete decision."
1709fce4-49d9-55b8-8bac-ae88db67e356,REV0054,d092f1c0-c824-5380-b033-5b6bc3a58ee6,3,Darius King,2026-04-11T12:43:00+07:00,Useful but uneven clarity of definitions,"Darius King read Analytics Engineering for a university seminar and focused on its clarity of definitions. The book offered a useful foundation, although some arguments needed fuller examples. The most useful part was chapter 6, which connected the main theme to a concrete decision."
dc96ad6e-f8c6-522b-8a97-049691a4427a,REV0055,d092f1c0-c824-5380-b033-5b6bc3a58ee6,3,Elise Martin,2026-05-14T13:54:00+07:00,Useful but uneven pacing,"Elise Martin read Analytics Engineering for a team reading group and focused on its pacing. The book offered a useful foundation, although some arguments needed fuller examples. The most useful part was chapter 7, which connected the main theme to a concrete decision."
c420c0cb-9bfe-5eb5-a869-34bd5c65c412,REV0056,d092f1c0-c824-5380-b033-5b6bc3a58ee6,4,Fatima Noor,2026-06-17T14:05:00+07:00,Strong reference value,"Fatima Noor read Analytics Engineering for a management workshop and focused on its reference value. The material was strong overall, with only a few sections needing more detail. The most useful part was chapter 8, which connected the main theme to a concrete decision."
01bd675a-9195-5293-aa0f-521c4fe392bf,REV0057,7e4fc915-892e-5b57-97ae-28f2088c2024,2,Elise Martin,2026-07-20T15:16:00+07:00,Limited case-study selection,"Elise Martin read The Red Planet Archive for an architecture review and focused on its case-study selection. Several ideas were promising, but the explanation and evidence were uneven. The most useful part was chapter 9, which connected the main theme to a concrete decision."
01bcd479-aed4-5f61-94db-2f654e8bbaf8,REV0058,7e4fc915-892e-5b57-97ae-28f2088c2024,3,Fatima Noor,2026-08-23T16:27:00+07:00,Useful but uneven practical exercises,"Fatima Noor read The Red Planet Archive for independent study and focused on its practical exercises. The book offered a useful foundation, although some arguments needed fuller examples. The most useful part was chapter 10, which connected the main theme to a concrete decision."
0a39790a-4db8-59a7-9633-5e496911c234,REV0059,7e4fc915-892e-5b57-97ae-28f2088c2024,4,George Lim,2026-09-26T17:38:00+07:00,Strong visual explanations,"George Lim read The Red Planet Archive for a project retrospective and focused on its visual explanations. The material was strong overall, with only a few sections needing more detail. The most useful part was chapter 11, which connected the main theme to a concrete decision."
bd12da03-4648-55c3-bf86-f1a150f2f021,REV0060,d9ecc9c8-f945-5059-a8d5-11431c394cb9,3,Fatima Noor,2026-10-04T18:49:00+07:00,Useful but uneven closing synthesis,"Fatima Noor read Signals Beyond Orion for a university seminar and focused on its closing synthesis. The book offered a useful foundation, although some arguments needed fuller examples. The most useful part was chapter 12, which connected the main theme to a concrete decision."
19524e4a-6c3e-53cb-8002-e9ed300fc845,REV0061,d9ecc9c8-f945-5059-a8d5-11431c394cb9,4,George Lim,2026-01-07T09:00:00+07:00,Strong chapter organization,"George Lim read Signals Beyond Orion for a team reading group and focused on its chapter organization. The material was strong overall, with only a few sections needing more detail. The most useful part was chapter 1, which connected the main theme to a concrete decision."
39cf0cd2-193d-5031-b664-fc8e2051992b,REV0062,d9ecc9c8-f945-5059-a8d5-11431c394cb9,4,Hana Lee,2026-02-10T10:11:00+07:00,Strong worked examples,"Hana Lee read Signals Beyond Orion for a management workshop and focused on its worked examples. The material was strong overall, with only a few sections needing more detail. The most useful part was chapter 2, which connected the main theme to a concrete decision."
38db435e-7a9b-5b77-8f02-fbad1d09a373,REV0063,4f77c722-8db6-5225-b7fb-9041aca2b380,4,George Lim,2026-03-13T11:22:00+07:00,Strong technical depth,"George Lim read The Last Lunar Station for an architecture review and focused on its technical depth. The material was strong overall, with only a few sections needing more detail. The most useful part was chapter 3, which connected the main theme to a concrete decision."
aa54e837-c326-5342-8a9d-6541bd958001,REV0064,4f77c722-8db6-5225-b7fb-9041aca2b380,4,Hana Lee,2026-04-16T12:33:00+07:00,Strong clarity of definitions,"Hana Lee read The Last Lunar Station for independent study and focused on its clarity of definitions. The material was strong overall, with only a few sections needing more detail. The most useful part was chapter 4, which connected the main theme to a concrete decision."
a9dac4ab-0a30-5ba6-879f-358edbf64ceb,REV0065,4f77c722-8db6-5225-b7fb-9041aca2b380,5,Ivan Petrov,2026-05-19T13:44:00+07:00,Excellent pacing,"Ivan Petrov read The Last Lunar Station for a project retrospective and focused on its pacing. The material was precise, memorable, and immediately useful. The most useful part was chapter 5, which connected the main theme to a concrete decision."
43b8dd06-fa7c-5a0a-9bd5-6550287cf1c0,REV0066,e73966ab-1d84-56c1-a96e-f8b592e06e64,4,Hana Lee,2026-06-22T14:55:00+07:00,Strong reference value,"Hana Lee read Tomorrow Under Glass for a university seminar and focused on its reference value. The material was strong overall, with only a few sections needing more detail. The most useful part was chapter 6, which connected the main theme to a concrete decision."
eafdcde8-18e1-543e-8bd2-678c7c33162f,REV0067,e73966ab-1d84-56c1-a96e-f8b592e06e64,5,Ivan Petrov,2026-07-25T15:06:00+07:00,Excellent case-study selection,"Ivan Petrov read Tomorrow Under Glass for a team reading group and focused on its case-study selection. The material was precise, memorable, and immediately useful. The most useful part was chapter 7, which connected the main theme to a concrete decision."
09e5dd8f-02cd-592c-8db6-ff6eb66e16ef,REV0068,e73966ab-1d84-56c1-a96e-f8b592e06e64,5,Julia Santos,2026-08-03T16:17:00+07:00,Excellent practical exercises,"Julia Santos read Tomorrow Under Glass for a management workshop and focused on its practical exercises. The material was precise, memorable, and immediately useful. The most useful part was chapter 8, which connected the main theme to a concrete decision."
3868bf77-20d5-5574-94fc-fb4fec398f89,REV0069,c5bbc21c-8a87-5402-b26a-7b264efb5148,3,Ivan Petrov,2026-09-06T17:28:00+07:00,Useful but uneven visual explanations,"Ivan Petrov read The Quiet Algorithm for an architecture review and focused on its visual explanations. The book offered a useful foundation, although some arguments needed fuller examples. The most useful part was chapter 9, which connected the main theme to a concrete decision."
4ac97c66-f47d-52c2-b45f-79f1d636593b,REV0070,c5bbc21c-8a87-5402-b26a-7b264efb5148,3,Julia Santos,2026-10-09T18:39:00+07:00,Useful but uneven closing synthesis,"Julia Santos read The Quiet Algorithm for independent study and focused on its closing synthesis. The book offered a useful foundation, although some arguments needed fuller examples. The most useful part was chapter 10, which connected the main theme to a concrete decision."
280636e0-78fc-58a2-b8b9-ed3c6bdf967b,REV0071,c5bbc21c-8a87-5402-b26a-7b264efb5148,4,Alex Tran,2026-01-12T09:50:00+07:00,Strong chapter organization,"Alex Tran read The Quiet Algorithm for a project retrospective and focused on its chapter organization. The material was strong overall, with only a few sections needing more detail. The most useful part was chapter 11, which connected the main theme to a concrete decision."
f879b2ca-1967-5f00-becd-40aaaa510aea,REV0072,53424a68-b787-5ed5-b9ca-17b8acb36cee,2,Julia Santos,2026-02-15T10:01:00+07:00,Limited worked examples,"Julia Santos read City of Borrowed Time for a university seminar and focused on its worked examples. Several ideas were promising, but the explanation and evidence were uneven. The most useful part was chapter 12, which connected the main theme to a concrete decision."
be9c8998-9e86-52e9-aaab-1337c8ffa125,REV0073,53424a68-b787-5ed5-b9ca-17b8acb36cee,3,Alex Tran,2026-03-18T11:12:00+07:00,Useful but uneven technical depth,"Alex Tran read City of Borrowed Time for a team reading group and focused on its technical depth. The book offered a useful foundation, although some arguments needed fuller examples. The most useful part was chapter 1, which connected the main theme to a concrete decision."
d33c15ba-0aab-53bf-8c79-af138c9e2c4b,REV0074,53424a68-b787-5ed5-b9ca-17b8acb36cee,4,Bao Nguyen,2026-04-21T12:23:00+07:00,Strong clarity of definitions,"Bao Nguyen read City of Borrowed Time for a management workshop and focused on its clarity of definitions. The material was strong overall, with only a few sections needing more detail. The most useful part was chapter 2, which connected the main theme to a concrete decision."
72725b6a-d68d-5ef1-9315-d414b07ed556,REV0075,ed80dd70-9e01-5974-b4ed-f21a7923cb21,3,Alex Tran,2026-05-24T13:34:00+07:00,Useful but uneven pacing,"Alex Tran read The Amber Compass for an architecture review and focused on its pacing. The book offered a useful foundation, although some arguments needed fuller examples. The most useful part was chapter 3, which connected the main theme to a concrete decision."
c5caec3d-a01d-59e9-9c2c-e0b2aa5e9e1b,REV0076,ed80dd70-9e01-5974-b4ed-f21a7923cb21,4,Bao Nguyen,2026-06-02T14:45:00+07:00,Strong reference value,"Bao Nguyen read The Amber Compass for independent study and focused on its reference value. The material was strong overall, with only a few sections needing more detail. The most useful part was chapter 4, which connected the main theme to a concrete decision."
3b47a78b-7766-5c47-addb-4646f684b1e8,REV0077,ed80dd70-9e01-5974-b4ed-f21a7923cb21,4,Carla Ruiz,2026-07-05T15:56:00+07:00,Strong case-study selection,"Carla Ruiz read The Amber Compass for a project retrospective and focused on its case-study selection. The material was strong overall, with only a few sections needing more detail. The most useful part was chapter 5, which connected the main theme to a concrete decision."
1a03a7f7-b730-52cb-94b8-a68d4d27b1ea,REV0078,a6728b5d-22c9-5abd-ad3b-cfabcf7e84a3,4,Bao Nguyen,2026-08-08T16:07:00+07:00,Strong practical exercises,"Bao Nguyen read Gardens of the Sky for a university seminar and focused on its practical exercises. The material was strong overall, with only a few sections needing more detail. The most useful part was chapter 6, which connected the main theme to a concrete decision."
71b3a007-5eb3-525f-8aca-11e276805b6e,REV0079,a6728b5d-22c9-5abd-ad3b-cfabcf7e84a3,4,Carla Ruiz,2026-09-11T17:18:00+07:00,Strong visual explanations,"Carla Ruiz read Gardens of the Sky for a team reading group and focused on its visual explanations. The material was strong overall, with only a few sections needing more detail. The most useful part was chapter 7, which connected the main theme to a concrete decision."
43a6ca96-465a-5a1e-9145-4ded6f7499bb,REV0080,a6728b5d-22c9-5abd-ad3b-cfabcf7e84a3,5,Darius King,2026-10-14T18:29:00+07:00,Excellent closing synthesis,"Darius King read Gardens of the Sky for a management workshop and focused on its closing synthesis. The material was precise, memorable, and immediately useful. The most useful part was chapter 8, which connected the main theme to a concrete decision."
3479ba74-f93e-5a27-b10a-bb64e28962e0,REV0081,5ed4e3fb-93d2-50e3-97f1-fe1d802aadde,4,Carla Ruiz,2026-01-17T09:40:00+07:00,Strong chapter organization,"Carla Ruiz read The Clockmaker Forest for an architecture review and focused on its chapter organization. The material was strong overall, with only a few sections needing more detail. The most useful part was chapter 9, which connected the main theme to a concrete decision."
08289739-553b-5851-a403-94d7b540c332,REV0082,5ed4e3fb-93d2-50e3-97f1-fe1d802aadde,5,Darius King,2026-02-20T10:51:00+07:00,Excellent worked examples,"Darius King read The Clockmaker Forest for independent study and focused on its worked examples. The material was precise, memorable, and immediately useful. The most useful part was chapter 10, which connected the main theme to a concrete decision."
b1fbf4fb-b230-5ce7-8d63-a94db01d91b3,REV0083,5ed4e3fb-93d2-50e3-97f1-fe1d802aadde,5,Elise Martin,2026-03-23T11:02:00+07:00,Excellent technical depth,"Elise Martin read The Clockmaker Forest for a project retrospective and focused on its technical depth. The material was precise, memorable, and immediately useful. The most useful part was chapter 11, which connected the main theme to a concrete decision."
3d66ed9c-7ddf-50de-bcef-77246caa94c4,REV0084,2654675e-2591-5485-81d2-462716402e2f,3,Darius King,2026-04-26T12:13:00+07:00,Useful but uneven clarity of definitions,"Darius King read Starting Small for a university seminar and focused on its clarity of definitions. The book offered a useful foundation, although some arguments needed fuller examples. The most useful part was chapter 12, which connected the main theme to a concrete decision."
2b558bdd-34d2-5bd3-a5ec-c666f799d7fb,REV0085,2654675e-2591-5485-81d2-462716402e2f,3,Elise Martin,2026-05-04T13:24:00+07:00,Useful but uneven pacing,"Elise Martin read Starting Small for a team reading group and focused on its pacing. The book offered a useful foundation, although some arguments needed fuller examples. The most useful part was chapter 1, which connected the main theme to a concrete decision."
1a553fa9-6a25-5a5e-b2fc-c030ddd3627d,REV0086,2654675e-2591-5485-81d2-462716402e2f,4,Fatima Noor,2026-06-07T14:35:00+07:00,Strong reference value,"Fatima Noor read Starting Small for a management workshop and focused on its reference value. The material was strong overall, with only a few sections needing more detail. The most useful part was chapter 2, which connected the main theme to a concrete decision."
ad713baa-61c7-51ba-9aca-2cb8ed85049b,REV0087,9149bc80-9e3d-5213-bf05-fe6cd922165a,2,Elise Martin,2026-07-10T15:46:00+07:00,Limited case-study selection,"Elise Martin read The Durable Venture for an architecture review and focused on its case-study selection. Several ideas were promising, but the explanation and evidence were uneven. The most useful part was chapter 3, which connected the main theme to a concrete decision."
b80332bf-c605-5ed6-89fd-aa528b28bd30,REV0088,9149bc80-9e3d-5213-bf05-fe6cd922165a,3,Fatima Noor,2026-08-13T16:57:00+07:00,Useful but uneven practical exercises,"Fatima Noor read The Durable Venture for independent study and focused on its practical exercises. The book offered a useful foundation, although some arguments needed fuller examples. The most useful part was chapter 4, which connected the main theme to a concrete decision."
4d70ae68-a980-5f32-87b5-9d7cec7d01b2,REV0089,9149bc80-9e3d-5213-bf05-fe6cd922165a,4,George Lim,2026-09-16T17:08:00+07:00,Strong visual explanations,"George Lim read The Durable Venture for a project retrospective and focused on its visual explanations. The material was strong overall, with only a few sections needing more detail. The most useful part was chapter 5, which connected the main theme to a concrete decision."
d1d1169c-847c-5e21-ae6b-621a7108234d,REV0090,3a904409-3946-589e-9710-bdb867ec90f6,3,Fatima Noor,2026-10-19T18:19:00+07:00,Useful but uneven closing synthesis,"Fatima Noor read Customer Discovery Fieldbook for a university seminar and focused on its closing synthesis. The book offered a useful foundation, although some arguments needed fuller examples. The most useful part was chapter 6, which connected the main theme to a concrete decision."
ccbf02eb-56f2-526a-b017-c6cd2341b0e3,REV0091,3a904409-3946-589e-9710-bdb867ec90f6,4,George Lim,2026-01-22T09:30:00+07:00,Strong chapter organization,"George Lim read Customer Discovery Fieldbook for a team reading group and focused on its chapter organization. The material was strong overall, with only a few sections needing more detail. The most useful part was chapter 7, which connected the main theme to a concrete decision."
cb8865ff-3253-583d-82d9-1c6fd597bd45,REV0092,3a904409-3946-589e-9710-bdb867ec90f6,4,Hana Lee,2026-02-25T10:41:00+07:00,Strong worked examples,"Hana Lee read Customer Discovery Fieldbook for a management workshop and focused on its worked examples. The material was strong overall, with only a few sections needing more detail. The most useful part was chapter 8, which connected the main theme to a concrete decision."
6db30c16-5d2c-5f11-b9ec-e336431f17d9,REV0093,ee812ea9-be52-5879-866e-a7ac2e0502b9,3,George Lim,2026-03-03T11:52:00+07:00,Useful but uneven technical depth,"George Lim read Leading With Context for an architecture review and focused on its technical depth. The book offered a useful foundation, although some arguments needed fuller examples. The most useful part was chapter 9, which connected the main theme to a concrete decision."
eb26dd84-317e-52f9-b1e5-7bad58021863,REV0094,ee812ea9-be52-5879-866e-a7ac2e0502b9,4,Hana Lee,2026-04-06T12:03:00+07:00,Strong clarity of definitions,"Hana Lee read Leading With Context for independent study and focused on its clarity of definitions. The material was strong overall, with only a few sections needing more detail. The most useful part was chapter 10, which connected the main theme to a concrete decision."
f43682dd-0978-5d3b-b46d-f30acb4aaf93,REV0095,eeee66ba-14ce-5157-9543-ed4b8d25e734,4,Hana Lee,2026-05-09T13:14:00+07:00,Strong pacing,"Hana Lee read Operating Models Explained for a project retrospective and focused on its pacing. The material was strong overall, with only a few sections needing more detail. The most useful part was chapter 11, which connected the main theme to a concrete decision."
eb54e7a8-9ee8-5e23-8253-6945d25c047a,REV0096,eeee66ba-14ce-5157-9543-ed4b8d25e734,5,Ivan Petrov,2026-06-12T14:25:00+07:00,Excellent reference value,"Ivan Petrov read Operating Models Explained for a university seminar and focused on its reference value. The material was precise, memorable, and immediately useful. The most useful part was chapter 12, which connected the main theme to a concrete decision."
51561874-132f-54aa-9ba2-b10df017bed8,REV0097,c0651b68-ac90-5634-8160-21fd343f90b1,3,Ivan Petrov,2026-07-15T15:36:00+07:00,Useful but uneven case-study selection,"Ivan Petrov read The Calm Manager for a team reading group and focused on its case-study selection. The book offered a useful foundation, although some arguments needed fuller examples. The most useful part was chapter 1, which connected the main theme to a concrete decision."
a25d7b0f-047f-5e9b-952d-ec179bf0b161,REV0098,c0651b68-ac90-5634-8160-21fd343f90b1,4,Julia Santos,2026-08-18T16:47:00+07:00,Strong practical exercises,"Julia Santos read The Calm Manager for a management workshop and focused on its practical exercises. The material was strong overall, with only a few sections needing more detail. The most useful part was chapter 2, which connected the main theme to a concrete decision."
385a627b-a617-5d21-a768-c75e88c4ae6c,REV0099,4cd4842a-0a82-5897-8186-39d34b38586b,4,Julia Santos,2026-09-21T17:58:00+07:00,Strong visual explanations,"Julia Santos read Thinking in Choices for an architecture review and focused on its visual explanations. The material was strong overall, with only a few sections needing more detail. The most useful part was chapter 3, which connected the main theme to a concrete decision."
02a21775-da4c-567c-91e5-c041c7696a8b,REV0100,4cd4842a-0a82-5897-8186-39d34b38586b,5,Alex Tran,2026-10-24T18:09:00+07:00,Excellent closing synthesis,"Alex Tran read Thinking in Choices for independent study and focused on its closing synthesis. The material was precise, memorable, and immediately useful. The most useful part was chapter 4, which connected the main theme to a concrete decision."
40caa381-9571-53d7-aa5c-0cb3191f9cee,REV0101,5bf88db4-0719-504b-8f01-746d4c2c5123,3,Alex Tran,2026-01-02T09:20:00+07:00,Useful but uneven chapter organization,"Alex Tran read Habits and Attention for a project retrospective and focused on its chapter organization. The book offered a useful foundation, although some arguments needed fuller examples. The most useful part was chapter 5, which connected the main theme to a concrete decision."
ee21c567-6884-5baa-9d85-adaab1a2cd8c,REV0102,5bf88db4-0719-504b-8f01-746d4c2c5123,4,Bao Nguyen,2026-02-05T10:31:00+07:00,Strong worked examples,"Bao Nguyen read Habits and Attention for a university seminar and focused on its worked examples. The material was strong overall, with only a few sections needing more detail. The most useful part was chapter 6, which connected the main theme to a concrete decision."
91e06739-4dfb-5c98-b94e-41817da96f27,REV0103,dd8a7027-e492-52de-92fd-8230a4f4c7c4,4,Bao Nguyen,2026-03-08T11:42:00+07:00,Strong technical depth,"Bao Nguyen read The Decision Laboratory for a team reading group and focused on its technical depth. The material was strong overall, with only a few sections needing more detail. The most useful part was chapter 7, which connected the main theme to a concrete decision."
0514c8dd-7d92-599d-aa95-5ce9d2f1eebb,REV0104,dd8a7027-e492-52de-92fd-8230a4f4c7c4,5,Carla Ruiz,2026-04-11T12:53:00+07:00,Excellent clarity of definitions,"Carla Ruiz read The Decision Laboratory for a management workshop and focused on its clarity of definitions. The material was precise, memorable, and immediately useful. The most useful part was chapter 8, which connected the main theme to a concrete decision."
884738ed-a143-5f7e-a337-baaa180d8ae4,REV0105,6f8d38af-9d3d-5a48-9b16-142dfed842bc,3,Carla Ruiz,2026-05-14T13:04:00+07:00,Useful but uneven pacing,"Carla Ruiz read Physics in Everyday Life for an architecture review and focused on its pacing. The book offered a useful foundation, although some arguments needed fuller examples. The most useful part was chapter 9, which connected the main theme to a concrete decision."
168453a4-fbe3-533c-90a0-f877a3e14b29,REV0106,6f8d38af-9d3d-5a48-9b16-142dfed842bc,4,Darius King,2026-06-17T14:15:00+07:00,Strong reference value,"Darius King read Physics in Everyday Life for independent study and focused on its reference value. The material was strong overall, with only a few sections needing more detail. The most useful part was chapter 10, which connected the main theme to a concrete decision."
ad5fc2da-75ae-5575-a043-031f4fbf73b1,REV0107,40ac1c32-7c48-541b-92b8-f0f24d0755a3,4,Darius King,2026-07-20T15:26:00+07:00,Strong case-study selection,"Darius King read A Short Tour of Space-Time for a project retrospective and focused on its case-study selection. The material was strong overall, with only a few sections needing more detail. The most useful part was chapter 11, which connected the main theme to a concrete decision."
a7d54cc2-2948-5538-81eb-ebbf995363cb,REV0108,40ac1c32-7c48-541b-92b8-f0f24d0755a3,5,Elise Martin,2026-08-23T16:37:00+07:00,Excellent practical exercises,"Elise Martin read A Short Tour of Space-Time for a university seminar and focused on its practical exercises. The material was precise, memorable, and immediately useful. The most useful part was chapter 12, which connected the main theme to a concrete decision."
b4a0fa36-6305-59c9-977c-4a251cdaf5b4,REV0109,7d35b77e-4444-5296-a951-8afc239cb4be,3,Elise Martin,2026-09-26T17:48:00+07:00,Useful but uneven visual explanations,"Elise Martin read Energy and the Modern World for a team reading group and focused on its visual explanations. The book offered a useful foundation, although some arguments needed fuller examples. The most useful part was chapter 1, which connected the main theme to a concrete decision."
683c062f-975e-55c4-8121-8e6907692601,REV0110,7d35b77e-4444-5296-a951-8afc239cb4be,4,Fatima Noor,2026-10-04T18:59:00+07:00,Strong closing synthesis,"Fatima Noor read Energy and the Modern World for a management workshop and focused on its closing synthesis. The material was strong overall, with only a few sections needing more detail. The most useful part was chapter 2, which connected the main theme to a concrete decision."
7baf5d1a-8490-50bc-a562-4c5b0317b34d,REV0111,597b5219-d8fb-5169-aa52-a40cb33efe91,4,Fatima Noor,2026-01-07T09:10:00+07:00,Strong chapter organization,"Fatima Noor read Connected Empires for an architecture review and focused on its chapter organization. The material was strong overall, with only a few sections needing more detail. The most useful part was chapter 3, which connected the main theme to a concrete decision."
cf6949fd-f68e-5a96-a2e6-01a2bb088989,REV0112,597b5219-d8fb-5169-aa52-a40cb33efe91,5,George Lim,2026-02-10T10:21:00+07:00,Excellent worked examples,"George Lim read Connected Empires for independent study and focused on its worked examples. The material was precise, memorable, and immediately useful. The most useful part was chapter 4, which connected the main theme to a concrete decision."
56825ba7-b486-50f2-a622-99a90db34941,REV0113,a697ab71-b593-53ad-999c-d579ea43d3b5,3,George Lim,2026-03-13T11:32:00+07:00,Useful but uneven technical depth,"George Lim read Trade Routes and Ideas for a project retrospective and focused on its technical depth. The book offered a useful foundation, although some arguments needed fuller examples. The most useful part was chapter 5, which connected the main theme to a concrete decision."
32598014-097f-54ed-b530-96430cde8b80,REV0114,a697ab71-b593-53ad-999c-d579ea43d3b5,4,Hana Lee,2026-04-16T12:43:00+07:00,Strong clarity of definitions,"Hana Lee read Trade Routes and Ideas for a university seminar and focused on its clarity of definitions. The material was strong overall, with only a few sections needing more detail. The most useful part was chapter 6, which connected the main theme to a concrete decision."
571b2ea4-de17-5abc-b04c-5cdb4dcbf407,REV0115,3074f892-1433-5b09-b383-4520b20a720c,4,Hana Lee,2026-05-19T13:54:00+07:00,Strong pacing,"Hana Lee read The Year the Maps Changed for a team reading group and focused on its pacing. The material was strong overall, with only a few sections needing more detail. The most useful part was chapter 7, which connected the main theme to a concrete decision."
fb480082-53b7-530b-b4d3-17802b5d4a1e,REV0116,3074f892-1433-5b09-b383-4520b20a720c,5,Ivan Petrov,2026-06-22T14:05:00+07:00,Excellent reference value,"Ivan Petrov read The Year the Maps Changed for a management workshop and focused on its reference value. The material was precise, memorable, and immediately useful. The most useful part was chapter 8, which connected the main theme to a concrete decision."
a423f627-7630-553f-95eb-f4fdaf451ad8,REV0117,ecd5fb99-4e96-5c34-bb2b-e6201f49ebd2,3,Ivan Petrov,2026-07-25T15:16:00+07:00,Useful but uneven case-study selection,"Ivan Petrov read Distributed Systems Primer for an architecture review and focused on its case-study selection. The book offered a useful foundation, although some arguments needed fuller examples. The most useful part was chapter 9, which connected the main theme to a concrete decision."
e8791337-b637-52ea-83cf-a9e3454c2a17,REV0118,ecd5fb99-4e96-5c34-bb2b-e6201f49ebd2,4,Julia Santos,2026-08-03T16:27:00+07:00,Strong practical exercises,"Julia Santos read Distributed Systems Primer for independent study and focused on its practical exercises. The material was strong overall, with only a few sections needing more detail. The most useful part was chapter 10, which connected the main theme to a concrete decision."
7191a227-89ad-5778-8b5e-63c4c43b42f8,REV0119,27b50a36-8344-58f9-abbc-cfbe91c1fb50,4,Julia Santos,2026-09-06T17:38:00+07:00,Strong visual explanations,"Julia Santos read Database Reliability for a project retrospective and focused on its visual explanations. The material was strong overall, with only a few sections needing more detail. The most useful part was chapter 11, which connected the main theme to a concrete decision."
d446cfac-d417-5de0-86bb-55b714321b2a,REV0120,27b50a36-8344-58f9-abbc-cfbe91c1fb50,5,Alex Tran,2026-10-09T18:49:00+07:00,Excellent closing synthesis,"Alex Tran read Database Reliability for a university seminar and focused on its closing synthesis. The material was precise, memorable, and immediately useful. The most useful part was chapter 12, which connected the main theme to a concrete decision."
