ID,book_ID,supplier_ID,storageLocation,onHand,reserved,reorderPoint,targetStock,lastCountedAt,available,inventoryStatus,inventoryStatusCriticality,suggestedRestockQuantity,inventoryValue,currency
3fba653b-32e1-5902-a68b-f5661979c94b,a76568d4-389b-5ab7-98da-521b81477f91,c23e0802-8b7e-5caf-8cde-04b5bdbaaaa4,A-01-01,2,2,5,20,2026-10-03T08:00:00+07:00,0,Out of Stock,1,20,0.00,USD
d4bffa99-8d87-5c5f-a9cb-02b850a3fe29,33ae0524-fd80-5f02-aeaa-643980d90460,cee7ee64-f064-532d-a824-bb8e2ae81b96,B-02-02,5,2,6,22,2026-09-05T09:07:00+07:00,3,Low Stock,2,19,37.02,USD
923bd5bc-d469-568b-ac0f-dd5448bad80a,4420e743-7170-5427-a843-482d3893cc03,d89f2834-962b-54b6-a956-60c2ceef3b8c,C-03-03,6,2,5,24,2026-09-07T10:14:00+07:00,4,Low Stock,2,20,58.76,USD
cd71feca-aa73-5e34-890b-f608e0a28986,b68be64d-5218-5788-a5fe-b3e05e66829f,4fba0d14-1653-512e-ae59-32879c80e1fb,D-04-04,42,2,7,24,2026-10-09T11:21:00+07:00,40,Overstock,2,0,681.60,USD
73f052ea-2a09-549f-8ad8-0ca89cb5126d,5d21f628-8765-55cd-a87b-bb24ed505a30,0da0616c-25a9-5349-85fb-bf559e882634,A-05-05,15,0,9,28,2026-09-11T12:28:00+07:00,15,In Stock,3,13,290.85,USD
b63cd066-2dbe-52a6-b36e-9bdc0f803828,6082ff32-0c2a-5998-a274-9d2e7839f3c7,2f3e9b07-bf9b-53b6-826d-6d4dabc02054,B-06-01,20,1,5,29,2026-09-13T13:35:00+07:00,19,In Stock,3,10,413.06,USD
0f486790-a5ba-55b1-a5ff-4c3101e33cb9,99d1f116-2a3e-57ba-a443-796c53683495,33d60453-604a-5674-8457-6776aad80b2e,C-07-02,25,2,6,30,2026-10-15T14:42:00+07:00,23,In Stock,3,7,554.07,USD
e6a817f5-46b9-5e09-92e4-81939b3227da,53b81276-1fb0-5741-bb4e-099ad1653c52,503a0296-6dfb-52ca-b0de-b1f9225bd777,D-08-03,30,3,7,31,2026-09-17T15:49:00+07:00,27,In Stock,3,4,713.88,USD
56466f45-5227-58b5-88a7-080fc738db50,dad139a9-e096-583b-9b3d-200fd135baa5,c23e0802-8b7e-5caf-8cde-04b5bdbaaaa4,A-09-04,17,0,8,24,2026-09-19T16:56:00+07:00,17,In Stock,3,7,489.43,USD
75a7a7fa-8c05-5670-a534-92f2f9de566a,662bd09d-481e-5c7b-994a-9de161f66f4e,cee7ee64-f064-532d-a824-bb8e2ae81b96,B-10-05,22,1,9,25,2026-10-21T08:03:00+07:00,21,In Stock,3,4,653.94,USD
26e8f321-4252-539a-8ec9-0fe05311a9bb,52da7c0f-a130-59a8-8a83-c39fafe889bb,d89f2834-962b-54b6-a956-60c2ceef3b8c,C-11-01,27,2,5,26,2026-09-23T09:10:00+07:00,25,In Stock,3,1,837.25,USD
10c186ae-72ff-5f5c-9887-f44d82113335,f0fdb0de-8afc-5f05-b5f8-c38203b8965f,4fba0d14-1653-512e-ae59-32879c80e1fb,D-12-02,14,3,6,27,2026-09-25T10:17:00+07:00,11,In Stock,3,16,394.24,USD
d6896837-72d0-5445-9692-4ba2b07cdce8,41b74bd0-fb55-58c6-bb82-3660adea882d,0da0616c-25a9-5349-85fb-bf559e882634,A-01-03,2,2,5,20,2026-10-27T11:24:00+07:00,0,Out of Stock,1,20,0.00,USD
4a80c9b0-2201-5269-b337-624fcdd70e4f,d092f1c0-c824-5380-b033-5b6bc3a58ee6,2f3e9b07-bf9b-53b6-826d-6d4dabc02054,B-02-04,5,2,6,22,2026-09-04T12:31:00+07:00,3,Low Stock,2,19,121.62,USD
594347a6-fd26-5dd6-8597-f90a1970de2e,7e4fc915-892e-5b57-97ae-28f2088c2024,33d60453-604a-5674-8457-6776aad80b2e,C-03-05,6,2,5,24,2026-09-06T13:38:00+07:00,4,Low Stock,2,20,171.56,USD
f28d355d-ecf1-58c9-b8b4-d74381f4c220,d9ecc9c8-f945-5059-a8d5-11431c394cb9,503a0296-6dfb-52ca-b0de-b1f9225bd777,D-04-01,42,2,7,24,2026-10-08T14:45:00+07:00,40,Overstock,2,0,1809.60,USD
dbf008fd-9e85-5c72-a684-73328d366853,4f77c722-8db6-5225-b7fb-9041aca2b380,c23e0802-8b7e-5caf-8cde-04b5bdbaaaa4,A-05-02,21,0,6,24,2026-09-10T15:52:00+07:00,21,In Stock,3,3,999.39,USD
28b7adc8-49a2-5a64-a8a0-c578d1b316d0,e73966ab-1d84-56c1-a96e-f8b592e06e64,cee7ee64-f064-532d-a824-bb8e2ae81b96,B-06-03,26,1,7,25,2026-09-12T16:59:00+07:00,25,In Stock,3,0,1248.50,USD
b158fd32-b59e-588a-bf0a-920f6c9c5d20,c5bbc21c-8a87-5402-b26a-7b264efb5148,d89f2834-962b-54b6-a956-60c2ceef3b8c,C-07-04,13,2,8,26,2026-10-14T08:06:00+07:00,11,In Stock,3,15,575.19,USD
f7935c1f-63db-51bf-8adf-af2cc3bcb38d,53424a68-b787-5ed5-b9ca-17b8acb36cee,4fba0d14-1653-512e-ae59-32879c80e1fb,D-08-05,18,3,9,27,2026-09-16T09:13:00+07:00,15,In Stock,3,12,819.60,USD
2173efd0-a5d3-5db9-a424-048faaf3ca34,ed80dd70-9e01-5974-b4ed-f21a7923cb21,0da0616c-25a9-5349-85fb-bf559e882634,A-09-01,23,0,5,28,2026-09-18T10:20:00+07:00,23,In Stock,3,5,1310.77,USD
e23fe0f7-95e1-56a2-8899-0aa2a94d00e1,a6728b5d-22c9-5abd-ad3b-cfabcf7e84a3,2f3e9b07-bf9b-53b6-826d-6d4dabc02054,B-10-02,28,1,6,29,2026-10-20T11:27:00+07:00,27,In Stock,3,2,1602.18,USD
6fdfb701-b804-5c6a-bce8-de9cdf4ec574,5ed4e3fb-93d2-50e3-97f1-fe1d802aadde,33d60453-604a-5674-8457-6776aad80b2e,C-11-03,15,2,7,30,2026-09-22T12:34:00+07:00,13,In Stock,3,17,801.97,USD
b66701bb-54ea-578b-a739-d2eef573313d,2654675e-2591-5485-81d2-462716402e2f,503a0296-6dfb-52ca-b0de-b1f9225bd777,D-12-04,20,3,8,31,2026-09-24T13:41:00+07:00,17,In Stock,3,14,1088.68,USD
2473f891-1e5b-51ad-a03a-6f9b2762663e,9149bc80-9e3d-5213-bf05-fe6cd922165a,c23e0802-8b7e-5caf-8cde-04b5bdbaaaa4,A-01-05,2,2,5,20,2026-10-26T14:48:00+07:00,0,Out of Stock,1,20,0.00,USD
a669a1c9-d090-5f2d-b0d6-53ce167d5484,3a904409-3946-589e-9710-bdb867ec90f6,cee7ee64-f064-532d-a824-bb8e2ae81b96,B-02-01,5,2,6,22,2026-09-03T15:55:00+07:00,3,Low Stock,2,19,32.22,USD
6e297c25-452f-50a3-b851-fa58268d4cc4,ee812ea9-be52-5879-866e-a7ac2e0502b9,d89f2834-962b-54b6-a956-60c2ceef3b8c,C-03-02,6,2,5,24,2026-09-05T16:02:00+07:00,4,Low Stock,2,20,52.36,USD
4c73bb21-0eae-5098-aa07-f58fd4971881,eeee66ba-14ce-5157-9543-ed4b8d25e734,4fba0d14-1653-512e-ae59-32879c80e1fb,D-04-03,42,2,7,24,2026-10-07T08:09:00+07:00,40,Overstock,2,0,617.60,USD
a134e5e6-ddef-5596-8307-4a79d87ad16f,c0651b68-ac90-5634-8160-21fd343f90b1,0da0616c-25a9-5349-85fb-bf559e882634,A-05-04,27,0,8,28,2026-09-09T09:16:00+07:00,27,In Stock,3,1,480.33,USD
f56435c2-b5a8-5644-84c2-d63a854147bc,4cd4842a-0a82-5897-8186-39d34b38586b,2f3e9b07-bf9b-53b6-826d-6d4dabc02054,B-06-05,14,1,9,29,2026-09-11T10:23:00+07:00,13,In Stock,3,16,261.82,USD
ba930164-506f-598c-a947-4c01e011dd8d,5bf88db4-0719-504b-8f01-746d4c2c5123,33d60453-604a-5674-8457-6776aad80b2e,C-07-01,19,2,5,30,2026-10-13T11:30:00+07:00,17,In Stock,3,13,382.33,USD
0be58726-41de-5fdd-9277-f65ec0a81212,dd8a7027-e492-52de-92fd-8230a4f4c7c4,503a0296-6dfb-52ca-b0de-b1f9225bd777,D-08-02,24,3,6,31,2026-09-15T12:37:00+07:00,21,In Stock,3,10,521.64,USD
aafa2f75-bb1b-5fa2-80d5-126a82fae85f,6f8d38af-9d3d-5a48-9b16-142dfed842bc,c23e0802-8b7e-5caf-8cde-04b5bdbaaaa4,A-09-03,29,0,7,24,2026-09-17T13:44:00+07:00,29,In Stock,3,0,788.51,USD
ec15ad98-5477-5956-bd99-568f372f5f18,40ac1c32-7c48-541b-92b8-f0f24d0755a3,cee7ee64-f064-532d-a824-bb8e2ae81b96,B-10-04,16,1,8,25,2026-10-19T14:51:00+07:00,15,In Stock,3,10,443.10,USD
4a7bc40b-17d6-5812-8d7c-385566ed9bbf,7d35b77e-4444-5296-a951-8afc239cb4be,d89f2834-962b-54b6-a956-60c2ceef3b8c,C-11-05,21,2,9,26,2026-09-21T15:58:00+07:00,19,In Stock,3,7,605.91,USD
faff9bb0-0594-5b4b-ad1a-590a97c31555,597b5219-d8fb-5169-aa52-a40cb33efe91,4fba0d14-1653-512e-ae59-32879c80e1fb,D-12-01,26,3,5,27,2026-09-23T16:05:00+07:00,23,In Stock,3,4,787.52,USD
19330536-a1cf-59d4-9eac-d78cc3f33db3,a697ab71-b593-53ad-999c-d579ea43d3b5,0da0616c-25a9-5349-85fb-bf559e882634,A-01-02,2,2,5,20,2026-10-25T08:12:00+07:00,0,Out of Stock,1,20,0.00,USD
d2844375-e38a-5d3c-8be8-5b8200b92bce,3074f892-1433-5b09-b383-4520b20a720c,2f3e9b07-bf9b-53b6-826d-6d4dabc02054,B-02-03,5,2,6,22,2026-09-27T09:19:00+07:00,3,Low Stock,2,19,116.82,USD
f4d47e05-e630-5a7c-8a6b-f683ccce445e,ecd5fb99-4e96-5c34-bb2b-e6201f49ebd2,33d60453-604a-5674-8457-6776aad80b2e,C-03-04,6,2,5,24,2026-09-04T10:26:00+07:00,4,Low Stock,2,20,165.16,USD
ac8a8d9c-dc5b-5cb0-a695-f60d9e8d3acf,27b50a36-8344-58f9-abbc-cfbe91c1fb50,503a0296-6dfb-52ca-b0de-b1f9225bd777,D-04-05,42,2,7,24,2026-10-06T11:33:00+07:00,40,Overstock,2,0,1745.60,USD
d29f7930-0fa4-53ab-8c9e-325d38033c1f,4ced0f17-8fc1-5b29-834f-9bba6bc90386,c23e0802-8b7e-5caf-8cde-04b5bdbaaaa4,A-05-01,15,0,5,24,2026-09-08T12:40:00+07:00,15,In Stock,3,9,689.85,USD
00b795c0-b957-5676-b7c8-736f1de44c2d,bce8902e-c7c5-5449-9be0-3611745a4df5,cee7ee64-f064-532d-a824-bb8e2ae81b96,B-06-02,20,1,6,25,2026-09-10T13:47:00+07:00,19,In Stock,3,6,918.46,USD
7919833c-2ac6-5436-91ef-abf9a077fa98,098c62de-85f1-555d-b773-296e19c58519,d89f2834-962b-54b6-a956-60c2ceef3b8c,C-07-03,25,2,7,26,2026-10-12T14:54:00+07:00,23,In Stock,3,3,1165.87,USD
fe19b0d3-65db-5a26-b43d-4e4e41ba3d59,5743cbd7-8938-5090-a002-ef6ac36e6a77,4fba0d14-1653-512e-ae59-32879c80e1fb,D-08-04,30,3,8,27,2026-09-14T15:01:00+07:00,27,In Stock,3,0,1432.08,USD
319603d6-952d-5a39-af7f-97d8e1507137,68595beb-afd3-577d-af2f-f33e0cd6671b,0da0616c-25a9-5349-85fb-bf559e882634,A-09-05,17,0,9,28,2026-09-16T16:08:00+07:00,17,In Stock,3,11,941.63,USD
f7772b75-2ac6-52eb-9fb4-ac1b7e0807a5,f19a94e4-aadf-50d6-b030-5f5aa658de63,2f3e9b07-bf9b-53b6-826d-6d4dabc02054,B-10-01,22,1,5,29,2026-10-18T08:15:00+07:00,21,In Stock,3,8,1212.54,USD
a375a735-a832-527e-9985-2fc8d81d8820,881616ac-1199-50a2-b7a8-c58afcc94bb9,33d60453-604a-5674-8457-6776aad80b2e,C-11-02,27,2,6,30,2026-09-20T09:22:00+07:00,25,In Stock,3,5,1502.25,USD
6cf3603f-174d-58e4-b04c-68cfa5a9bb1e,d50c0ec7-c4e3-5563-8c9b-69308aa3a0e7,503a0296-6dfb-52ca-b0de-b1f9225bd777,D-12-03,14,3,7,31,2026-09-22T10:29:00+07:00,11,In Stock,3,20,686.84,USD
