ID,categoryId,parent_ID,name,level,sortOrder
d18fcebb-80e2-5d3c-8b8b-2aafe35e9dd3,CAT001,,Technology,1,10
104a6236-1f31-5f99-ac9e-400a6407267e,CAT002,d18fcebb-80e2-5d3c-8b8b-2aafe35e9dd3,Software Engineering,2,20
33e07922-99bc-5869-b610-6d67f9961e51,CAT003,d18fcebb-80e2-5d3c-8b8b-2aafe35e9dd3,Programming Languages,2,30
104aa845-a360-5620-bb93-53b2346ffa21,CAT004,33e07922-99bc-5869-b610-6d67f9961e51,Web Development,3,40
631cd19c-15e2-5189-9761-3544b1003759,CAT005,d18fcebb-80e2-5d3c-8b8b-2aafe35e9dd3,Data and AI,2,50
fe49d259-7ae5-5c75-9e72-55b40670035b,CAT006,,Fiction,1,60
e064c55a-c279-5494-8774-34a2b351a9fe,CAT007,fe49d259-7ae5-5c75-9e72-55b40670035b,Science Fiction,2,70
c6b01fd4-fd8e-5dc3-9ad0-6ea27eb121f2,CAT008,e064c55a-c279-5494-8774-34a2b351a9fe,Dystopian Fiction,3,80
99dec125-afd6-52e4-9f09-b689761ee222,CAT009,fe49d259-7ae5-5c75-9e72-55b40670035b,Fantasy,2,90
8343fdbd-0acb-5480-9de8-0dc11af8009c,CAT010,,Business,1,100
8f57b4e3-1dc0-5293-ae81-415dc73103bb,CAT011,8343fdbd-0acb-5480-9de8-0dc11af8009c,Entrepreneurship,2,110
557e0dbf-f9f2-509d-a082-357d60c21796,CAT012,8343fdbd-0acb-5480-9de8-0dc11af8009c,Management,2,120
379d1092-ba24-5f10-9340-3282918b8f27,CAT013,,Psychology,1,130
593aeac5-f621-5516-a030-96411882f283,CAT014,379d1092-ba24-5f10-9340-3282918b8f27,Behavioral Science,2,140
4dee8735-5665-56f9-83a1-2cef9d1e558f,CAT015,,Science,1,150
9548c74b-b793-5596-8b15-6c2716eaabea,CAT016,4dee8735-5665-56f9-83a1-2cef9d1e558f,Physics,2,160
a71dcecc-e3b6-5345-9921-f182993107fd,CAT017,,History,1,170
8847b86d-b762-5775-85a0-8b85a7fd4bde,CAT018,a71dcecc-e3b6-5345-9921-f182993107fd,World History,2,180
