ID,historyId,request_ID,sequence,action,status,performedBy,performedAt,comment
4dd05c8f-c099-5be0-a6ab-57a7b8d9154c,HIS0001,f75a3e83-89d1-52ed-a7bc-1992f5dbcf2d,1,Created,Draft,USR001,2026-01-02T09:00:00+07:00,The requester recorded the initial quantity and supplier. RR-26-0001 covers 8 units of Clean Architecture in Practice; step 1 was performed by USR001 at 2026-01-02T09:00:00+07:00.
957cf403-68cc-5379-b450-a5deade109f7,HIS0002,d96bc2f8-3b51-5638-a407-ac1eb77ce13e,1,Created,Draft,USR002,2026-02-05T09:00:00+07:00,The requester recorded the initial quantity and supplier. RR-26-0002 covers 15 units of Patterns for Maintainable Systems; step 1 was performed by USR002 at 2026-02-05T09:00:00+07:00.
81be20bb-08a5-5f45-ab4d-2574acf99d26,HIS0003,d96bc2f8-3b51-5638-a407-ac1eb77ce13e,2,Submitted for Review,Pending Review,USR002,2026-02-05T11:13:00+07:00,The request was sent to the inventory manager for a quantity and priority check. RR-26-0002 covers 15 units of Patterns for Maintainable Systems; step 2 was performed by USR002 at 2026-02-05T11:13:00+07:00.
74e523a5-c2cd-57bd-8421-9b08899a548d,HIS0004,4b2c0b76-ecc1-5343-88fa-8d805b656831,1,Created,Draft,USR003,2026-03-08T09:00:00+07:00,The requester recorded the initial quantity and supplier. RR-26-0003 covers 22 units of Testing Modern Applications; step 1 was performed by USR003 at 2026-03-08T09:00:00+07:00.
a7305043-a64c-5bd8-901c-5378936d9196,HIS0005,4b2c0b76-ecc1-5343-88fa-8d805b656831,2,Submitted for Review,Pending Review,USR003,2026-03-08T11:13:00+07:00,The request was sent to the inventory manager for a quantity and priority check. RR-26-0003 covers 22 units of Testing Modern Applications; step 2 was performed by USR003 at 2026-03-08T11:13:00+07:00.
984a49d5-5c12-5c0b-be81-7e8644b4736a,HIS0006,4b2c0b76-ecc1-5343-88fa-8d805b656831,3,Approved,Approved,USR007,2026-03-09T13:26:00+07:00,The manager approved the requested quantity and supplier. RR-26-0003 covers 22 units of Testing Modern Applications; step 3 was performed by USR007 at 2026-03-09T13:26:00+07:00.
87a3e841-aad6-5202-b4c8-acb3eb266b20,HIS0007,1bf11cd8-3994-53ec-8efc-66a9dfbd0516,1,Created,Draft,USR004,2026-04-11T09:00:00+07:00,The requester recorded the initial quantity and supplier. RR-26-0004 covers 29 units of Effective TypeScript Patterns; step 1 was performed by USR004 at 2026-04-11T09:00:00+07:00.
94dd9184-3450-5bab-a380-4ec913503aef,HIS0008,1bf11cd8-3994-53ec-8efc-66a9dfbd0516,2,Submitted for Review,Pending Review,USR004,2026-04-11T11:13:00+07:00,The request was sent to the inventory manager for a quantity and priority check. RR-26-0004 covers 29 units of Effective TypeScript Patterns; step 2 was performed by USR004 at 2026-04-11T11:13:00+07:00.
d67faeae-78a3-5377-ac02-811ac3972633,HIS0009,1bf11cd8-3994-53ec-8efc-66a9dfbd0516,3,Rejected,Rejected,USR007,2026-04-12T13:26:00+07:00,The manager rejected the request and retained the decision for audit. RR-26-0004 covers 29 units of Effective TypeScript Patterns; step 3 was performed by USR007 at 2026-04-12T13:26:00+07:00.
ec71b6ef-c09d-5467-97fc-170a99b67bff,HIS0010,dbd7cc90-d31c-57e8-b840-d82da8c5d915,1,Created,Draft,USR005,2026-05-14T09:00:00+07:00,The requester recorded the initial quantity and supplier. RR-26-0005 covers 36 units of Modern Web Components; step 1 was performed by USR005 at 2026-05-14T09:00:00+07:00.
7401d630-6440-5789-95c3-e326d472a557,HIS0011,dbd7cc90-d31c-57e8-b840-d82da8c5d915,2,Submitted for Review,Pending Review,USR005,2026-05-14T11:13:00+07:00,The request was sent to the inventory manager for a quantity and priority check. RR-26-0005 covers 36 units of Modern Web Components; step 2 was performed by USR005 at 2026-05-14T11:13:00+07:00.
ed4e7156-95c4-5b10-a92d-8a226cd2d79f,HIS0012,dbd7cc90-d31c-57e8-b840-d82da8c5d915,3,Approved,Approved,USR007,2026-05-15T13:26:00+07:00,The manager approved the requested quantity and supplier. RR-26-0005 covers 36 units of Modern Web Components; step 3 was performed by USR007 at 2026-05-15T13:26:00+07:00.
73a8e37f-8884-5c1a-9c95-f7c3d255578d,HIS0013,dbd7cc90-d31c-57e8-b840-d82da8c5d915,4,Marked Ordered,Ordered,USR008,2026-05-15T15:39:00+07:00,A purchase commitment was recorded with the selected supplier. RR-26-0005 covers 36 units of Modern Web Components; step 4 was performed by USR008 at 2026-05-15T15:39:00+07:00.
59b12e1f-f9c1-54aa-94a5-7dcc64dfb128,HIS0014,de5dd7a7-68af-5f01-ad74-2b2a244bbabd,1,Created,Draft,USR006,2026-06-17T09:00:00+07:00,The requester recorded the initial quantity and supplier. RR-26-0006 covers 10 units of Data Products That Work; step 1 was performed by USR006 at 2026-06-17T09:00:00+07:00.
e9611628-7a0a-5944-87a4-7b4a18f82a67,HIS0015,de5dd7a7-68af-5f01-ad74-2b2a244bbabd,2,Submitted for Review,Pending Review,USR006,2026-06-17T11:13:00+07:00,The request was sent to the inventory manager for a quantity and priority check. RR-26-0006 covers 10 units of Data Products That Work; step 2 was performed by USR006 at 2026-06-17T11:13:00+07:00.
5162e250-3075-5d8e-ac7f-6ede145a6171,HIS0016,de5dd7a7-68af-5f01-ad74-2b2a244bbabd,3,Approved,Approved,USR007,2026-06-18T13:26:00+07:00,The manager approved the requested quantity and supplier. RR-26-0006 covers 10 units of Data Products That Work; step 3 was performed by USR007 at 2026-06-18T13:26:00+07:00.
2e965386-9056-5d68-a99c-1be7667d4e16,HIS0017,de5dd7a7-68af-5f01-ad74-2b2a244bbabd,4,Marked Ordered,Ordered,USR008,2026-06-18T15:39:00+07:00,A purchase commitment was recorded with the selected supplier. RR-26-0006 covers 10 units of Data Products That Work; step 4 was performed by USR008 at 2026-06-18T15:39:00+07:00.
7cca5e24-b213-5732-b6ea-06aaeb10f14f,HIS0018,de5dd7a7-68af-5f01-ad74-2b2a244bbabd,5,Recorded Partial Receipt,Partially Received,USR008,2026-06-19T17:52:00+07:00,A partial delivery was counted while the remaining quantity stayed open. RR-26-0006 covers 10 units of Data Products That Work; step 5 was performed by USR008 at 2026-06-19T17:52:00+07:00.
7b22285f-0fd4-5252-831c-055ec6998c5e,HIS0019,6be5725d-80d8-57c1-a527-4fa4e3276d98,1,Created,Draft,USR001,2026-07-20T09:00:00+07:00,The requester recorded the initial quantity and supplier. RR-26-0007 covers 17 units of Responsible AI Systems; step 1 was performed by USR001 at 2026-07-20T09:00:00+07:00.
cbf75574-3ed2-5bfa-a481-6c036cb90ce4,HIS0020,6be5725d-80d8-57c1-a527-4fa4e3276d98,2,Submitted for Review,Pending Review,USR001,2026-07-20T11:13:00+07:00,The request was sent to the inventory manager for a quantity and priority check. RR-26-0007 covers 17 units of Responsible AI Systems; step 2 was performed by USR001 at 2026-07-20T11:13:00+07:00.
f998a0ae-b04d-5ac2-9dde-f64570ff7f07,HIS0021,6be5725d-80d8-57c1-a527-4fa4e3276d98,3,Approved,Approved,USR007,2026-07-21T13:26:00+07:00,The manager approved the requested quantity and supplier. RR-26-0007 covers 17 units of Responsible AI Systems; step 3 was performed by USR007 at 2026-07-21T13:26:00+07:00.
c7377d75-48b8-5223-a437-5f681cb4dfab,HIS0022,6be5725d-80d8-57c1-a527-4fa4e3276d98,4,Marked Ordered,Ordered,USR008,2026-07-21T15:39:00+07:00,A purchase commitment was recorded with the selected supplier. RR-26-0007 covers 17 units of Responsible AI Systems; step 4 was performed by USR008 at 2026-07-21T15:39:00+07:00.
7ea2e154-b71c-57ec-8e80-cd71f06bb0d4,HIS0023,6be5725d-80d8-57c1-a527-4fa4e3276d98,5,Recorded Receipt,Received,USR008,2026-07-22T17:52:00+07:00,The delivered quantity was accepted and the request moved to received. RR-26-0007 covers 17 units of Responsible AI Systems; step 5 was performed by USR008 at 2026-07-22T17:52:00+07:00.
661cad65-2997-5b7d-bd20-08154ad96b92,HIS0024,6be5725d-80d8-57c1-a527-4fa4e3276d98,6,Stock Updated,Received,USR008,2026-07-22T18:05:00+07:00,The received units were posted to the current inventory position. RR-26-0007 covers 17 units of Responsible AI Systems; step 6 was performed by USR008 at 2026-07-22T18:05:00+07:00.
8e929449-8224-5114-995e-3683d6349bee,HIS0025,c8227d9d-cc77-5ace-9a9d-f7535fb7196c,1,Created,Draft,USR002,2026-08-04T09:00:00+07:00,The requester recorded the initial quantity and supplier. RR-26-0008 covers 24 units of The Red Planet Archive; step 1 was performed by USR002 at 2026-08-04T09:00:00+07:00.
d0b3e053-5733-5d01-a6b8-5ad31fe041a8,HIS0026,c8227d9d-cc77-5ace-9a9d-f7535fb7196c,2,Submitted for Review,Pending Review,USR002,2026-08-04T11:13:00+07:00,The request was sent to the inventory manager for a quantity and priority check. RR-26-0008 covers 24 units of The Red Planet Archive; step 2 was performed by USR002 at 2026-08-04T11:13:00+07:00.
9ed50a7d-4018-5187-9b84-94c6406f981e,HIS0027,c8227d9d-cc77-5ace-9a9d-f7535fb7196c,3,Approved,Approved,USR007,2026-08-05T13:26:00+07:00,The request was approved for operational follow-up. RR-26-0008 covers 24 units of The Red Planet Archive; step 3 was performed by USR007 at 2026-08-05T13:26:00+07:00.
ef9eeb0a-9bef-5162-8bb6-3f56d962ceae,HIS0028,62b55d72-65db-5417-9bb4-847d52d27f80,1,Created,Draft,USR003,2026-09-07T09:00:00+07:00,The requester recorded the initial quantity and supplier. RR-26-0009 covers 31 units of The Last Lunar Station; step 1 was performed by USR003 at 2026-09-07T09:00:00+07:00.
e03ee904-6be6-56d9-a9f8-3153319451a0,HIS0029,31402121-0152-5b6a-b3d2-cf5f8d40012e,1,Created,Draft,USR004,2026-10-10T09:00:00+07:00,The requester recorded the initial quantity and supplier. RR-26-0010 covers 38 units of The Quiet Algorithm; step 1 was performed by USR004 at 2026-10-10T09:00:00+07:00.
8d132d2c-3729-5b39-974f-4fc3011d7304,HIS0030,31402121-0152-5b6a-b3d2-cf5f8d40012e,2,Submitted for Review,Pending Review,USR004,2026-10-10T11:13:00+07:00,The request was sent to the inventory manager for a quantity and priority check. RR-26-0010 covers 38 units of The Quiet Algorithm; step 2 was performed by USR004 at 2026-10-10T11:13:00+07:00.
87b28613-9347-507c-8539-43163e916e96,HIS0031,16eb5c8f-2e94-5405-bd6b-40e71eb2bc99,1,Created,Draft,USR005,2026-01-13T09:00:00+07:00,The requester recorded the initial quantity and supplier. RR-26-0011 covers 12 units of The Amber Compass; step 1 was performed by USR005 at 2026-01-13T09:00:00+07:00.
f739cac2-9eee-5a80-87d2-22b8cc3b99af,HIS0032,16eb5c8f-2e94-5405-bd6b-40e71eb2bc99,2,Submitted for Review,Pending Review,USR005,2026-01-13T11:13:00+07:00,The request was sent to the inventory manager for a quantity and priority check. RR-26-0011 covers 12 units of The Amber Compass; step 2 was performed by USR005 at 2026-01-13T11:13:00+07:00.
49bdc9b8-278e-5864-8363-0e7c285c5732,HIS0033,16eb5c8f-2e94-5405-bd6b-40e71eb2bc99,3,Approved,Approved,USR007,2026-01-14T13:26:00+07:00,The manager approved the requested quantity and supplier. RR-26-0011 covers 12 units of The Amber Compass; step 3 was performed by USR007 at 2026-01-14T13:26:00+07:00.
c1eba855-b96b-50c0-b664-9df4b571943d,HIS0034,3e6096bb-f6b5-5ff5-b655-0b560aaec9bc,1,Created,Draft,USR006,2026-02-16T09:00:00+07:00,The requester recorded the initial quantity and supplier. RR-26-0012 covers 19 units of The Clockmaker Forest; step 1 was performed by USR006 at 2026-02-16T09:00:00+07:00.
9b00a5c5-157c-5875-ae4e-0f65281f1bd5,HIS0035,3e6096bb-f6b5-5ff5-b655-0b560aaec9bc,2,Submitted for Review,Pending Review,USR006,2026-02-16T11:13:00+07:00,The request was sent to the inventory manager for a quantity and priority check. RR-26-0012 covers 19 units of The Clockmaker Forest; step 2 was performed by USR006 at 2026-02-16T11:13:00+07:00.
a45d51d4-8f4b-578c-ac71-f9a6d4c89fa4,HIS0036,3e6096bb-f6b5-5ff5-b655-0b560aaec9bc,3,Rejected,Rejected,USR007,2026-02-17T13:26:00+07:00,The manager rejected the request and retained the decision for audit. RR-26-0012 covers 19 units of The Clockmaker Forest; step 3 was performed by USR007 at 2026-02-17T13:26:00+07:00.
8a47d01f-b792-532d-91ab-fde79e95770e,HIS0037,91498b81-77fa-5135-bf14-1eb9c2cfb632,1,Created,Draft,USR001,2026-03-19T09:00:00+07:00,The requester recorded the initial quantity and supplier. RR-26-0013 covers 26 units of The Durable Venture; step 1 was performed by USR001 at 2026-03-19T09:00:00+07:00.
cdd52ccc-6019-5799-b5c0-047ac94406ee,HIS0038,91498b81-77fa-5135-bf14-1eb9c2cfb632,2,Submitted for Review,Pending Review,USR001,2026-03-19T11:13:00+07:00,The request was sent to the inventory manager for a quantity and priority check. RR-26-0013 covers 26 units of The Durable Venture; step 2 was performed by USR001 at 2026-03-19T11:13:00+07:00.
b31aa6c7-c5ae-545c-84e0-4987b8cded7d,HIS0039,91498b81-77fa-5135-bf14-1eb9c2cfb632,3,Approved,Approved,USR007,2026-03-20T13:26:00+07:00,The manager approved the requested quantity and supplier. RR-26-0013 covers 26 units of The Durable Venture; step 3 was performed by USR007 at 2026-03-20T13:26:00+07:00.
4acf07d8-76b0-56bb-85ae-10fc77b630e6,HIS0040,91498b81-77fa-5135-bf14-1eb9c2cfb632,4,Marked Ordered,Ordered,USR008,2026-03-20T15:39:00+07:00,A purchase commitment was recorded with the selected supplier. RR-26-0013 covers 26 units of The Durable Venture; step 4 was performed by USR008 at 2026-03-20T15:39:00+07:00.
00a75bfb-73d0-5399-a3d4-f809cad66c24,HIS0041,dada73c6-e66c-587a-a5ce-328be3311be7,1,Created,Draft,USR002,2026-04-03T09:00:00+07:00,The requester recorded the initial quantity and supplier. RR-26-0014 covers 33 units of Leading With Context; step 1 was performed by USR002 at 2026-04-03T09:00:00+07:00.
c775e196-8a81-5060-b7c6-25a9dba90479,HIS0042,dada73c6-e66c-587a-a5ce-328be3311be7,2,Submitted for Review,Pending Review,USR002,2026-04-03T11:13:00+07:00,The request was sent to the inventory manager for a quantity and priority check. RR-26-0014 covers 33 units of Leading With Context; step 2 was performed by USR002 at 2026-04-03T11:13:00+07:00.
fa21d06b-7933-5718-bf8a-be74845fa593,HIS0043,dada73c6-e66c-587a-a5ce-328be3311be7,3,Approved,Approved,USR007,2026-04-04T13:26:00+07:00,The manager approved the requested quantity and supplier. RR-26-0014 covers 33 units of Leading With Context; step 3 was performed by USR007 at 2026-04-04T13:26:00+07:00.
33716ea1-57cb-50bd-8f8d-e67c34b951e6,HIS0044,dada73c6-e66c-587a-a5ce-328be3311be7,4,Marked Ordered,Ordered,USR008,2026-04-04T15:39:00+07:00,A purchase commitment was recorded with the selected supplier. RR-26-0014 covers 33 units of Leading With Context; step 4 was performed by USR008 at 2026-04-04T15:39:00+07:00.
7be88cff-06a1-51ac-8fe9-4111f8c356b8,HIS0045,dada73c6-e66c-587a-a5ce-328be3311be7,5,Recorded Partial Receipt,Partially Received,USR008,2026-04-05T17:52:00+07:00,A partial delivery was counted while the remaining quantity stayed open. RR-26-0014 covers 33 units of Leading With Context; step 5 was performed by USR008 at 2026-04-05T17:52:00+07:00.
f8c2a294-ddac-5193-ac69-80a64f9af1a0,HIS0046,9b62d13b-a806-543b-b9a2-e03a880cf740,1,Created,Draft,USR003,2026-05-06T09:00:00+07:00,The requester recorded the initial quantity and supplier. RR-26-0015 covers 40 units of The Calm Manager; step 1 was performed by USR003 at 2026-05-06T09:00:00+07:00.
efba611b-6dcb-51a3-91a8-4348f44bb1c9,HIS0047,9b62d13b-a806-543b-b9a2-e03a880cf740,2,Submitted for Review,Pending Review,USR003,2026-05-06T11:13:00+07:00,The request was sent to the inventory manager for a quantity and priority check. RR-26-0015 covers 40 units of The Calm Manager; step 2 was performed by USR003 at 2026-05-06T11:13:00+07:00.
fd9d3821-f88a-5a21-a2be-cf4708525280,HIS0048,9b62d13b-a806-543b-b9a2-e03a880cf740,3,Approved,Approved,USR007,2026-05-07T13:26:00+07:00,The manager approved the requested quantity and supplier. RR-26-0015 covers 40 units of The Calm Manager; step 3 was performed by USR007 at 2026-05-07T13:26:00+07:00.
8d320329-b341-515f-8fd8-31480de8c68c,HIS0049,9b62d13b-a806-543b-b9a2-e03a880cf740,4,Marked Ordered,Ordered,USR008,2026-05-07T15:39:00+07:00,A purchase commitment was recorded with the selected supplier. RR-26-0015 covers 40 units of The Calm Manager; step 4 was performed by USR008 at 2026-05-07T15:39:00+07:00.
1b83c704-d683-57ac-9f92-6ae54be60b93,HIS0050,9b62d13b-a806-543b-b9a2-e03a880cf740,5,Recorded Receipt,Received,USR008,2026-05-08T17:52:00+07:00,The delivered quantity was accepted and the request moved to received. RR-26-0015 covers 40 units of The Calm Manager; step 5 was performed by USR008 at 2026-05-08T17:52:00+07:00.
93f3283b-eb5f-5d87-aef0-53582fbad6e7,HIS0051,9b62d13b-a806-543b-b9a2-e03a880cf740,6,Stock Updated,Received,USR008,2026-05-08T18:05:00+07:00,The received units were posted to the current inventory position. RR-26-0015 covers 40 units of The Calm Manager; step 6 was performed by USR008 at 2026-05-08T18:05:00+07:00.
0bec7106-c3ec-51e1-8fdc-69ed53134f84,HIS0052,22cc5f59-77f4-5363-af70-32add4416b5e,1,Created,Draft,USR004,2026-06-09T09:00:00+07:00,The requester recorded the initial quantity and supplier. RR-26-0016 covers 14 units of Habits and Attention; step 1 was performed by USR004 at 2026-06-09T09:00:00+07:00.
b2bee0ec-7c4a-57a3-a498-63a64b999f47,HIS0053,22cc5f59-77f4-5363-af70-32add4416b5e,2,Submitted for Review,Pending Review,USR004,2026-06-09T11:13:00+07:00,The request was sent to the inventory manager for a quantity and priority check. RR-26-0016 covers 14 units of Habits and Attention; step 2 was performed by USR004 at 2026-06-09T11:13:00+07:00.
78d440fa-3a76-5c7f-9403-955434b2c5c8,HIS0054,22cc5f59-77f4-5363-af70-32add4416b5e,3,Approved,Approved,USR007,2026-06-10T13:26:00+07:00,The request was approved for operational follow-up. RR-26-0016 covers 14 units of Habits and Attention; step 3 was performed by USR007 at 2026-06-10T13:26:00+07:00.
76f37bd2-33ce-526c-b230-a281fd47df97,HIS0055,aaa6618e-9a22-59eb-8a04-ec2771f39fac,1,Created,Draft,USR005,2026-07-12T09:00:00+07:00,The requester recorded the initial quantity and supplier. RR-26-0017 covers 21 units of Physics in Everyday Life; step 1 was performed by USR005 at 2026-07-12T09:00:00+07:00.
318b66b2-108d-5b96-8e54-8369749c3a50,HIS0056,e7dffd58-3df2-5a9c-abc8-0e4234b391e2,1,Created,Draft,USR006,2026-08-15T09:00:00+07:00,The requester recorded the initial quantity and supplier. RR-26-0018 covers 28 units of Energy and the Modern World; step 1 was performed by USR006 at 2026-08-15T09:00:00+07:00.
7d542da8-444e-5b99-8bba-763c70da3629,HIS0057,e7dffd58-3df2-5a9c-abc8-0e4234b391e2,2,Submitted for Review,Pending Review,USR006,2026-08-15T11:13:00+07:00,The request was sent to the inventory manager for a quantity and priority check. RR-26-0018 covers 28 units of Energy and the Modern World; step 2 was performed by USR006 at 2026-08-15T11:13:00+07:00.
ed84553b-a26b-5ce8-88eb-9226a98df8b6,HIS0058,72ece264-6d19-55d9-9a0d-550401b676bd,1,Created,Draft,USR001,2026-09-18T09:00:00+07:00,The requester recorded the initial quantity and supplier. RR-26-0019 covers 35 units of Trade Routes and Ideas; step 1 was performed by USR001 at 2026-09-18T09:00:00+07:00.
d035169b-62ee-55e4-881a-23e0d86abe9d,HIS0059,72ece264-6d19-55d9-9a0d-550401b676bd,2,Submitted for Review,Pending Review,USR001,2026-09-18T11:13:00+07:00,The request was sent to the inventory manager for a quantity and priority check. RR-26-0019 covers 35 units of Trade Routes and Ideas; step 2 was performed by USR001 at 2026-09-18T11:13:00+07:00.
f87e35ec-93b6-5e97-8916-1b3af53d46ef,HIS0060,72ece264-6d19-55d9-9a0d-550401b676bd,3,Approved,Approved,USR007,2026-09-19T13:26:00+07:00,The manager approved the requested quantity and supplier. RR-26-0019 covers 35 units of Trade Routes and Ideas; step 3 was performed by USR007 at 2026-09-19T13:26:00+07:00.
fae84d30-5461-52dc-a718-6c10d896c0eb,HIS0061,0ef732e7-4406-5d16-8671-579c1ebffe44,1,Created,Draft,USR002,2026-10-02T09:00:00+07:00,The requester recorded the initial quantity and supplier. RR-26-0020 covers 9 units of Distributed Systems Primer; step 1 was performed by USR002 at 2026-10-02T09:00:00+07:00.
21f20b9e-fdaf-53ac-ab89-158ab0882f07,HIS0062,0ef732e7-4406-5d16-8671-579c1ebffe44,2,Submitted for Review,Pending Review,USR002,2026-10-02T11:13:00+07:00,The request was sent to the inventory manager for a quantity and priority check. RR-26-0020 covers 9 units of Distributed Systems Primer; step 2 was performed by USR002 at 2026-10-02T11:13:00+07:00.
c3846f73-b0ad-54ef-bcc0-6f141421f8a0,HIS0063,0ef732e7-4406-5d16-8671-579c1ebffe44,3,Rejected,Rejected,USR007,2026-10-03T13:26:00+07:00,The manager rejected the request and retained the decision for audit. RR-26-0020 covers 9 units of Distributed Systems Primer; step 3 was performed by USR007 at 2026-10-03T13:26:00+07:00.
b8bfc0b7-ffa3-5eec-bb6c-b6a1cfba0b59,HIS0064,5825d51f-b9f8-54fc-bcb4-f2ff9a557053,1,Created,Draft,USR003,2026-01-05T09:00:00+07:00,The requester recorded the initial quantity and supplier. RR-26-0021 covers 16 units of Rust for Reliable Services; step 1 was performed by USR003 at 2026-01-05T09:00:00+07:00.
080440b6-6960-5560-929a-4bf60c108f53,HIS0065,5825d51f-b9f8-54fc-bcb4-f2ff9a557053,2,Submitted for Review,Pending Review,USR003,2026-01-05T11:13:00+07:00,The request was sent to the inventory manager for a quantity and priority check. RR-26-0021 covers 16 units of Rust for Reliable Services; step 2 was performed by USR003 at 2026-01-05T11:13:00+07:00.
f4884e32-9899-565c-923e-9e77a08f35c8,HIS0066,5825d51f-b9f8-54fc-bcb4-f2ff9a557053,3,Approved,Approved,USR007,2026-01-06T13:26:00+07:00,The manager approved the requested quantity and supplier. RR-26-0021 covers 16 units of Rust for Reliable Services; step 3 was performed by USR007 at 2026-01-06T13:26:00+07:00.
21865a85-8c9b-53fb-b516-f039b53df624,HIS0067,5825d51f-b9f8-54fc-bcb4-f2ff9a557053,4,Marked Ordered,Ordered,USR008,2026-01-06T15:39:00+07:00,A purchase commitment was recorded with the selected supplier. RR-26-0021 covers 16 units of Rust for Reliable Services; step 4 was performed by USR008 at 2026-01-06T15:39:00+07:00.
66547010-e367-5363-853b-08a4cb4b448c,HIS0068,4784b85b-1f15-5a93-afaa-451b9d9ed3fd,1,Created,Draft,USR004,2026-02-08T09:00:00+07:00,The requester recorded the initial quantity and supplier. RR-26-0022 covers 23 units of Knowledge Graph Foundations; step 1 was performed by USR004 at 2026-02-08T09:00:00+07:00.
0e28d3b6-1862-55fe-bef9-a823f1b05cb1,HIS0069,4784b85b-1f15-5a93-afaa-451b9d9ed3fd,2,Submitted for Review,Pending Review,USR004,2026-02-08T11:13:00+07:00,The request was sent to the inventory manager for a quantity and priority check. RR-26-0022 covers 23 units of Knowledge Graph Foundations; step 2 was performed by USR004 at 2026-02-08T11:13:00+07:00.
d81cf31b-89a6-5425-9885-ee96ad95abfe,HIS0070,4784b85b-1f15-5a93-afaa-451b9d9ed3fd,3,Approved,Approved,USR007,2026-02-09T13:26:00+07:00,The manager approved the requested quantity and supplier. RR-26-0022 covers 23 units of Knowledge Graph Foundations; step 3 was performed by USR007 at 2026-02-09T13:26:00+07:00.
f1d5710c-fe47-547f-adf4-32bb3420f62c,HIS0071,4784b85b-1f15-5a93-afaa-451b9d9ed3fd,4,Marked Ordered,Ordered,USR008,2026-02-09T15:39:00+07:00,A purchase commitment was recorded with the selected supplier. RR-26-0022 covers 23 units of Knowledge Graph Foundations; step 4 was performed by USR008 at 2026-02-09T15:39:00+07:00.
9859dd1f-0b25-50df-ab5a-b616f55bb91a,HIS0072,4784b85b-1f15-5a93-afaa-451b9d9ed3fd,5,Recorded Partial Receipt,Partially Received,USR008,2026-02-10T17:52:00+07:00,A partial delivery was counted while the remaining quantity stayed open. RR-26-0022 covers 23 units of Knowledge Graph Foundations; step 5 was performed by USR008 at 2026-02-10T17:52:00+07:00.
857d95cf-8a5e-5438-ba61-7b651e020c55,HIS0073,7a6f1cac-a07d-59f6-9f54-3eaf70eae804,1,Created,Draft,USR005,2026-03-11T09:00:00+07:00,The requester recorded the initial quantity and supplier. RR-26-0023 covers 30 units of Founders and First Principles; step 1 was performed by USR005 at 2026-03-11T09:00:00+07:00.
13777b91-aa83-51c0-8d2d-1f10697f8917,HIS0074,7a6f1cac-a07d-59f6-9f54-3eaf70eae804,2,Submitted for Review,Pending Review,USR005,2026-03-11T11:13:00+07:00,The request was sent to the inventory manager for a quantity and priority check. RR-26-0023 covers 30 units of Founders and First Principles; step 2 was performed by USR005 at 2026-03-11T11:13:00+07:00.
42d01293-8c5c-5477-acfd-a8c29606cb09,HIS0075,7a6f1cac-a07d-59f6-9f54-3eaf70eae804,3,Approved,Approved,USR007,2026-03-12T13:26:00+07:00,The manager approved the requested quantity and supplier. RR-26-0023 covers 30 units of Founders and First Principles; step 3 was performed by USR007 at 2026-03-12T13:26:00+07:00.
34808745-8915-5863-bd20-953981f980ce,HIS0076,7a6f1cac-a07d-59f6-9f54-3eaf70eae804,4,Marked Ordered,Ordered,USR008,2026-03-12T15:39:00+07:00,A purchase commitment was recorded with the selected supplier. RR-26-0023 covers 30 units of Founders and First Principles; step 4 was performed by USR008 at 2026-03-12T15:39:00+07:00.
3c8427e6-648a-5b0b-b6bf-8f5de42b993a,HIS0077,7a6f1cac-a07d-59f6-9f54-3eaf70eae804,5,Recorded Receipt,Received,USR008,2026-03-13T17:52:00+07:00,The delivered quantity was accepted and the request moved to received. RR-26-0023 covers 30 units of Founders and First Principles; step 5 was performed by USR008 at 2026-03-13T17:52:00+07:00.
57c068a5-bb2d-54f5-a5ef-ae65a596840f,HIS0078,7a6f1cac-a07d-59f6-9f54-3eaf70eae804,6,Stock Updated,Received,USR008,2026-03-13T18:05:00+07:00,The received units were posted to the current inventory position. RR-26-0023 covers 30 units of Founders and First Principles; step 6 was performed by USR008 at 2026-03-13T18:05:00+07:00.
01f2be84-444d-5b27-b03d-84dd7603fb9c,HIS0079,fc5f0942-d135-5396-b6ba-7787a98d16e2,1,Created,Draft,USR006,2026-04-14T09:00:00+07:00,The requester recorded the initial quantity and supplier. RR-26-0024 covers 37 units of The Social Mind; step 1 was performed by USR006 at 2026-04-14T09:00:00+07:00.
55d562ab-2f85-5c99-96db-4e87e9504900,HIS0080,fc5f0942-d135-5396-b6ba-7787a98d16e2,2,Submitted for Review,Pending Review,USR006,2026-04-14T11:13:00+07:00,The request was sent to the inventory manager for a quantity and priority check. RR-26-0024 covers 37 units of The Social Mind; step 2 was performed by USR006 at 2026-04-14T11:13:00+07:00.
9dca6aca-9d4b-504d-acea-f980939cdb90,HIS0081,fc5f0942-d135-5396-b6ba-7787a98d16e2,3,Approved,Approved,USR007,2026-04-15T13:26:00+07:00,The request was approved for operational follow-up. RR-26-0024 covers 37 units of The Social Mind; step 3 was performed by USR007 at 2026-04-15T13:26:00+07:00.
