ID,authorId,displayName,countryCode,biography
0868f03f-4b36-57de-a5d9-7d957f9c16db,AUT001,Ada Morgan,US,Ada Morgan is a US-based writer whose work focuses on software architecture. They develop ideas through field interviews and write primarily for engineering teams. Their publications are known for decision frameworks that readers can use beyond the final chapter.
5b10b1f1-41ac-52b6-89d8-7eeccdd9fe9d,AUT002,Liam Hart,GB,Liam Hart is a GB-based writer whose work focuses on delivery leadership. They develop ideas through case studies and write primarily for independent readers. Their publications are known for guided exercises that readers can use beyond the final chapter.
77c447f7-8082-5e90-88fc-2901a7a8e90e,AUT003,Sofia Keller,DE,Sofia Keller is a DE-based writer whose work focuses on maintainable systems. They develop ideas through worked examples and write primarily for engineering teams. Their publications are known for reference models that readers can use beyond the final chapter.
9a20e46f-4cf5-5fc4-a071-021f59e26368,AUT004,Noah Bennett,CA,Noah Bennett is a CA-based writer whose work focuses on large-scale refactoring. They develop ideas through historical evidence and write primarily for independent readers. Their publications are known for diagnostic questions that readers can use beyond the final chapter.
eec4b515-a19f-5bb7-a164-245d4b0cb4ac,AUT005,Maya Iyer,IN,Maya Iyer is a IN-based writer whose work focuses on quality engineering. They develop ideas through technical diagrams and write primarily for engineering teams. Their publications are known for discussion prompts that readers can use beyond the final chapter.
94b30758-9cb1-53af-a913-ec3852f43a89,AUT006,Ethan Brooks,US,Ethan Brooks is a US-based writer whose work focuses on language design. They develop ideas through classroom exercises and write primarily for independent readers. Their publications are known for implementation checklists that readers can use beyond the final chapter.
af7299db-9ff4-51a7-9ffb-af7e5f01d021,AUT007,Olivia Chen,SG,Olivia Chen is a SG-based writer whose work focuses on type-safe application development. They develop ideas through comparative analysis and write primarily for engineering teams. Their publications are known for decision frameworks that readers can use beyond the final chapter.
7e251edb-d10c-560b-8915-0cb2b7be6531,AUT008,Lucas Moreau,FR,Lucas Moreau is a FR-based writer whose work focuses on data programming. They develop ideas through field interviews and write primarily for independent readers. Their publications are known for guided exercises that readers can use beyond the final chapter.
1e8c9c82-b245-5be9-a6a8-f16853b79780,AUT009,Amelia Rossi,IT,Amelia Rossi is a IT-based writer whose work focuses on web standards. They develop ideas through case studies and write primarily for engineering teams. Their publications are known for reference models that readers can use beyond the final chapter.
9bbfc968-91a5-53be-9d96-424cce0b1b64,AUT010,Mateo Silva,BR,Mateo Silva is a BR-based writer whose work focuses on inclusive interface design. They develop ideas through worked examples and write primarily for independent readers. Their publications are known for diagnostic questions that readers can use beyond the final chapter.
736dba79-5a05-5b26-91d9-07e4212fd523,AUT011,Hannah Fischer,DE,Hannah Fischer is a DE-based writer whose work focuses on data product strategy. They develop ideas through historical evidence and write primarily for engineering teams. Their publications are known for discussion prompts that readers can use beyond the final chapter.
a3bf6507-842e-55a5-9589-2e5dcfe8c653,AUT012,Daniel Kim,KR,Daniel Kim is a KR-based writer whose work focuses on machine-learning operations. They develop ideas through technical diagrams and write primarily for independent readers. Their publications are known for implementation checklists that readers can use beyond the final chapter.
2306565e-8f97-5dc9-87f9-d6bfd8fd9803,AUT013,Grace Wilson,AU,Grace Wilson is a AU-based writer whose work focuses on responsible artificial intelligence. They develop ideas through classroom exercises and write primarily for engineering teams. Their publications are known for decision frameworks that readers can use beyond the final chapter.
214707e6-8418-5814-91b0-d61e21082d71,AUT014,Henry Adams,GB,Henry Adams is a GB-based writer whose work focuses on analytics engineering. They develop ideas through comparative analysis and write primarily for independent readers. Their publications are known for guided exercises that readers can use beyond the final chapter.
85db1602-09bf-594a-a1e3-d18b73dbdd18,AUT015,Nora Jensen,DK,Nora Jensen is a DK-based writer whose work focuses on speculative fiction. They develop ideas through field interviews and write primarily for engineering teams. Their publications are known for reference models that readers can use beyond the final chapter.
72a47a74-0429-5b90-9041-d006428a9bf2,AUT016,Leo Martin,US,Leo Martin is a US-based writer whose work focuses on space science fiction. They develop ideas through case studies and write primarily for independent readers. Their publications are known for diagnostic questions that readers can use beyond the final chapter.
6bc7d299-cedb-5a1e-82e5-828164e098d3,AUT017,Isla Thompson,NZ,Isla Thompson is a NZ-based writer whose work focuses on future societies. They develop ideas through worked examples and write primarily for engineering teams. Their publications are known for discussion prompts that readers can use beyond the final chapter.
63d99fba-c2fe-515c-a889-bbf861cf4d1e,AUT018,Aarav Mehta,IN,Aarav Mehta is a IN-based writer whose work focuses on dystopian storytelling. They develop ideas through historical evidence and write primarily for independent readers. Their publications are known for implementation checklists that readers can use beyond the final chapter.
9c317c59-48cf-531f-88b7-eb24712d34ee,AUT019,Elena Petrova,BG,Elena Petrova is a BG-based writer whose work focuses on technology ethics. They develop ideas through technical diagrams and write primarily for engineering teams. Their publications are known for decision frameworks that readers can use beyond the final chapter.
91b69184-179b-5ce3-bc0b-5efd6ad2586d,AUT020,Jonas Berg,SE,Jonas Berg is a SE-based writer whose work focuses on urban futures. They develop ideas through classroom exercises and write primarily for independent readers. Their publications are known for guided exercises that readers can use beyond the final chapter.
d6cdc9b8-9945-59f2-b203-3525de085646,AUT021,Camila Torres,MX,Camila Torres is a MX-based writer whose work focuses on fantasy world-building. They develop ideas through comparative analysis and write primarily for engineering teams. Their publications are known for reference models that readers can use beyond the final chapter.
b92f41f1-a0bb-5163-9b47-f177fc548310,AUT022,Owen Murphy,IE,Owen Murphy is a IE-based writer whose work focuses on environmental fiction. They develop ideas through field interviews and write primarily for independent readers. Their publications are known for diagnostic questions that readers can use beyond the final chapter.
05fc5546-13a8-50e9-9b10-b79e1687b7af,AUT023,Mia Laurent,FR,Mia Laurent is a FR-based writer whose work focuses on mythic storytelling. They develop ideas through case studies and write primarily for engineering teams. Their publications are known for discussion prompts that readers can use beyond the final chapter.
21ae1f30-233e-54a9-bf86-e68e70f29523,AUT024,Samuel Okafor,NG,Samuel Okafor is a NG-based writer whose work focuses on early-stage ventures. They develop ideas through worked examples and write primarily for independent readers. Their publications are known for implementation checklists that readers can use beyond the final chapter.
02b464b2-94ab-51af-a7cf-7ce2e7d18dec,AUT025,Chloe Dubois,BE,Chloe Dubois is a BE-based writer whose work focuses on resilient business models. They develop ideas through historical evidence and write primarily for engineering teams. Their publications are known for decision frameworks that readers can use beyond the final chapter.
62bb048a-2693-5470-aebc-df78388851a9,AUT026,Jack Nguyen,VN,Jack Nguyen is a VN-based writer whose work focuses on customer research. They develop ideas through technical diagrams and write primarily for independent readers. Their publications are known for guided exercises that readers can use beyond the final chapter.
2afae70e-3267-51ef-8982-e97cbae9f00b,AUT027,Emma Sato,JP,Emma Sato is a JP-based writer whose work focuses on organizational leadership. They develop ideas through classroom exercises and write primarily for engineering teams. Their publications are known for reference models that readers can use beyond the final chapter.
1d6821a0-659d-5cda-8d07-230a1c857312,AUT028,Felix Weber,AT,Felix Weber is a AT-based writer whose work focuses on operating-model design. They develop ideas through comparative analysis and write primarily for independent readers. Their publications are known for diagnostic questions that readers can use beyond the final chapter.
6740194c-e95b-5e4b-b285-29eccd417122,AUT029,Layla Hassan,AE,Layla Hassan is a AE-based writer whose work focuses on people management. They develop ideas through field interviews and write primarily for engineering teams. Their publications are known for discussion prompts that readers can use beyond the final chapter.
4b8795f5-835b-5269-8c4e-4d155777f2e3,AUT030,Gabriel Costa,PT,Gabriel Costa is a PT-based writer whose work focuses on decision science. They develop ideas through case studies and write primarily for independent readers. Their publications are known for implementation checklists that readers can use beyond the final chapter.
90016bb0-7d1b-5a98-8c27-094bf4c6606b,AUT031,Zoe Walker,US,Zoe Walker is a US-based writer whose work focuses on attention research. They develop ideas through worked examples and write primarily for engineering teams. Their publications are known for decision frameworks that readers can use beyond the final chapter.
654e26f7-8d6e-5d6c-872d-e4b8ea124826,AUT032,Theo Brown,GB,Theo Brown is a GB-based writer whose work focuses on experimental psychology. They develop ideas through historical evidence and write primarily for independent readers. Their publications are known for guided exercises that readers can use beyond the final chapter.
4e3285fd-98a3-5659-976f-c0e7ecd7baef,AUT033,Anika Rao,IN,Anika Rao is a IN-based writer whose work focuses on everyday physics. They develop ideas through technical diagrams and write primarily for engineering teams. Their publications are known for reference models that readers can use beyond the final chapter.
5beab4a0-c25c-5bf7-9ab9-0806d5a57884,AUT034,Maxim Novak,CZ,Maxim Novak is a CZ-based writer whose work focuses on space-time concepts. They develop ideas through classroom exercises and write primarily for independent readers. Their publications are known for diagnostic questions that readers can use beyond the final chapter.
10e69877-365a-5e8f-b27b-494db3428384,AUT035,Lena Schmidt,CH,Lena Schmidt is a CH-based writer whose work focuses on energy systems. They develop ideas through comparative analysis and write primarily for engineering teams. Their publications are known for discussion prompts that readers can use beyond the final chapter.
