ID,requestId,book_ID,requestedQty,receivedQty,priority,status,supplier_ID,requestedAt,expectedAt,requesterId,notes
f75a3e83-89d1-52ed-a7bc-1992f5dbcf2d,RR-26-0001,a76568d4-389b-5ab7-98da-521b81477f91,8,0,Low,Draft,c23e0802-8b7e-5caf-8cde-04b5bdbaaaa4,2026-01-02T09:00:00+07:00,2026-01-07T16:00:00+07:00,USR001,Clean Architecture in Practice has 0 available units against a reorder point of 5. Request RR-26-0001 asks Atlas Book Supply for 8 units with low priority. Confirm the committed delivery date by 2026-01-07 and record any partial receipt separately.
d96bc2f8-3b51-5638-a407-ac1eb77ce13e,RR-26-0002,4420e743-7170-5427-a843-482d3893cc03,15,0,Medium,Pending Review,503a0296-6dfb-52ca-b0de-b1f9225bd777,2026-02-05T10:07:00+07:00,2026-02-14T16:00:00+07:00,USR002,Patterns for Maintainable Systems has 4 available units against a reorder point of 5. Request RR-26-0002 asks Futura Media Supply for 15 units with medium priority. Confirm the committed delivery date by 2026-02-14 and record any partial receipt separately.
4b2c0b76-ecc1-5343-88fa-8d805b656831,RR-26-0003,5d21f628-8765-55cd-a87b-bb24ed505a30,22,0,High,Approved,33d60453-604a-5674-8457-6776aad80b2e,2026-03-08T11:14:00+07:00,2026-03-17T16:00:00+07:00,USR003,Testing Modern Applications has 15 available units against a reorder point of 9. Request RR-26-0003 asks Central Pages Logistics for 22 units with high priority. Confirm the committed delivery date by 2026-03-17 and record any partial receipt separately.
1bf11cd8-3994-53ec-8efc-66a9dfbd0516,RR-26-0004,99d1f116-2a3e-57ba-a443-796c53683495,29,0,Urgent,Rejected,2f3e9b07-bf9b-53b6-826d-6d4dabc02054,2026-04-11T12:21:00+07:00,2026-04-20T16:00:00+07:00,USR004,Effective TypeScript Patterns has 23 available units against a reorder point of 6. Request RR-26-0004 asks Horizon Academic Supply for 29 units with urgent priority. Confirm the committed delivery date by 2026-04-20 and record any partial receipt separately.
dbd7cc90-d31c-57e8-b840-d82da8c5d915,RR-26-0005,dad139a9-e096-583b-9b3d-200fd135baa5,36,0,Low,Ordered,0da0616c-25a9-5349-85fb-bf559e882634,2026-05-14T13:28:00+07:00,2026-05-20T16:00:00+07:00,USR005,Modern Web Components has 17 available units against a reorder point of 8. Request RR-26-0005 asks Evergreen Wholesale for 36 units with low priority. Confirm the committed delivery date by 2026-05-20 and record any partial receipt separately.
de5dd7a7-68af-5f01-ad74-2b2a244bbabd,RR-26-0006,52da7c0f-a130-59a8-8a83-c39fafe889bb,10,0,Medium,Partially Received,4fba0d14-1653-512e-ae59-32879c80e1fb,2026-06-17T14:35:00+07:00,2026-06-24T16:00:00+07:00,USR006,Data Products That Work has 25 available units against a reorder point of 5. Request RR-26-0006 asks BlueShelf Distribution for 10 units with medium priority. Confirm the committed delivery date by 2026-06-24 and record any partial receipt separately.
6be5725d-80d8-57c1-a527-4fa4e3276d98,RR-26-0007,41b74bd0-fb55-58c6-bb82-3660adea882d,17,17,High,Received,d89f2834-962b-54b6-a956-60c2ceef3b8c,2026-07-20T09:42:00+07:00,2026-07-29T16:00:00+07:00,USR001,Responsible AI Systems has 0 available units against a reorder point of 5. Request RR-26-0007 asks Global Leaf Partners for 17 units with high priority. Confirm the committed delivery date by 2026-07-29 and record any partial receipt separately.
c8227d9d-cc77-5ace-9a9d-f7535fb7196c,RR-26-0008,7e4fc915-892e-5b57-97ae-28f2088c2024,24,0,Urgent,Approved,cee7ee64-f064-532d-a824-bb8e2ae81b96,2026-08-04T10:49:00+07:00,2026-08-12T16:00:00+07:00,USR002,The Red Planet Archive has 4 available units against a reorder point of 5. Request RR-26-0008 asks Danube Book Trade for 24 units with urgent priority. Confirm the committed delivery date by 2026-08-12 and record any partial receipt separately.
62b55d72-65db-5417-9bb4-847d52d27f80,RR-26-0009,4f77c722-8db6-5225-b7fb-9041aca2b380,31,0,Low,Draft,c23e0802-8b7e-5caf-8cde-04b5bdbaaaa4,2026-09-07T11:56:00+07:00,2026-09-12T16:00:00+07:00,USR003,The Last Lunar Station has 21 available units against a reorder point of 6. Request RR-26-0009 asks Atlas Book Supply for 31 units with low priority. Confirm the committed delivery date by 2026-09-12 and record any partial receipt separately.
31402121-0152-5b6a-b3d2-cf5f8d40012e,RR-26-0010,c5bbc21c-8a87-5402-b26a-7b264efb5148,38,0,Medium,Pending Review,503a0296-6dfb-52ca-b0de-b1f9225bd777,2026-10-10T12:03:00+07:00,2026-10-19T16:00:00+07:00,USR004,The Quiet Algorithm has 11 available units against a reorder point of 8. Request RR-26-0010 asks Futura Media Supply for 38 units with medium priority. Confirm the committed delivery date by 2026-10-19 and record any partial receipt separately.
16eb5c8f-2e94-5405-bd6b-40e71eb2bc99,RR-26-0011,ed80dd70-9e01-5974-b4ed-f21a7923cb21,12,0,High,Approved,33d60453-604a-5674-8457-6776aad80b2e,2026-01-13T13:10:00+07:00,2026-01-22T16:00:00+07:00,USR005,The Amber Compass has 23 available units against a reorder point of 5. Request RR-26-0011 asks Central Pages Logistics for 12 units with high priority. Confirm the committed delivery date by 2026-01-22 and record any partial receipt separately.
3e6096bb-f6b5-5ff5-b655-0b560aaec9bc,RR-26-0012,5ed4e3fb-93d2-50e3-97f1-fe1d802aadde,19,0,Urgent,Rejected,2f3e9b07-bf9b-53b6-826d-6d4dabc02054,2026-02-16T14:17:00+07:00,2026-02-25T16:00:00+07:00,USR006,The Clockmaker Forest has 13 available units against a reorder point of 7. Request RR-26-0012 asks Horizon Academic Supply for 19 units with urgent priority. Confirm the committed delivery date by 2026-02-25 and record any partial receipt separately.
91498b81-77fa-5135-bf14-1eb9c2cfb632,RR-26-0013,9149bc80-9e3d-5213-bf05-fe6cd922165a,26,0,Low,Ordered,0da0616c-25a9-5349-85fb-bf559e882634,2026-03-19T09:24:00+07:00,2026-03-25T16:00:00+07:00,USR001,The Durable Venture has 0 available units against a reorder point of 5. Request RR-26-0013 asks Evergreen Wholesale for 26 units with low priority. Confirm the committed delivery date by 2026-03-25 and record any partial receipt separately.
dada73c6-e66c-587a-a5ce-328be3311be7,RR-26-0014,ee812ea9-be52-5879-866e-a7ac2e0502b9,33,0,Medium,Partially Received,4fba0d14-1653-512e-ae59-32879c80e1fb,2026-04-03T10:31:00+07:00,2026-04-10T16:00:00+07:00,USR002,Leading With Context has 4 available units against a reorder point of 5. Request RR-26-0014 asks BlueShelf Distribution for 33 units with medium priority. Confirm the committed delivery date by 2026-04-10 and record any partial receipt separately.
9b62d13b-a806-543b-b9a2-e03a880cf740,RR-26-0015,c0651b68-ac90-5634-8160-21fd343f90b1,40,40,High,Received,d89f2834-962b-54b6-a956-60c2ceef3b8c,2026-05-06T11:38:00+07:00,2026-05-15T16:00:00+07:00,USR003,The Calm Manager has 27 available units against a reorder point of 8. Request RR-26-0015 asks Global Leaf Partners for 40 units with high priority. Confirm the committed delivery date by 2026-05-15 and record any partial receipt separately.
22cc5f59-77f4-5363-af70-32add4416b5e,RR-26-0016,5bf88db4-0719-504b-8f01-746d4c2c5123,14,0,Urgent,Approved,cee7ee64-f064-532d-a824-bb8e2ae81b96,2026-06-09T12:45:00+07:00,2026-06-17T16:00:00+07:00,USR004,Habits and Attention has 17 available units against a reorder point of 5. Request RR-26-0016 asks Danube Book Trade for 14 units with urgent priority. Confirm the committed delivery date by 2026-06-17 and record any partial receipt separately.
aaa6618e-9a22-59eb-8a04-ec2771f39fac,RR-26-0017,6f8d38af-9d3d-5a48-9b16-142dfed842bc,21,0,Low,Draft,c23e0802-8b7e-5caf-8cde-04b5bdbaaaa4,2026-07-12T13:52:00+07:00,2026-07-17T16:00:00+07:00,USR005,Physics in Everyday Life has 29 available units against a reorder point of 7. Request RR-26-0017 asks Atlas Book Supply for 21 units with low priority. Confirm the committed delivery date by 2026-07-17 and record any partial receipt separately.
e7dffd58-3df2-5a9c-abc8-0e4234b391e2,RR-26-0018,7d35b77e-4444-5296-a951-8afc239cb4be,28,0,Medium,Pending Review,503a0296-6dfb-52ca-b0de-b1f9225bd777,2026-08-15T14:59:00+07:00,2026-08-24T16:00:00+07:00,USR006,Energy and the Modern World has 19 available units against a reorder point of 9. Request RR-26-0018 asks Futura Media Supply for 28 units with medium priority. Confirm the committed delivery date by 2026-08-24 and record any partial receipt separately.
72ece264-6d19-55d9-9a0d-550401b676bd,RR-26-0019,a697ab71-b593-53ad-999c-d579ea43d3b5,35,0,High,Approved,33d60453-604a-5674-8457-6776aad80b2e,2026-09-18T09:06:00+07:00,2026-09-27T16:00:00+07:00,USR001,Trade Routes and Ideas has 0 available units against a reorder point of 5. Request RR-26-0019 asks Central Pages Logistics for 35 units with high priority. Confirm the committed delivery date by 2026-09-27 and record any partial receipt separately.
0ef732e7-4406-5d16-8671-579c1ebffe44,RR-26-0020,ecd5fb99-4e96-5c34-bb2b-e6201f49ebd2,9,0,Urgent,Rejected,2f3e9b07-bf9b-53b6-826d-6d4dabc02054,2026-10-02T10:13:00+07:00,2026-10-11T16:00:00+07:00,USR002,Distributed Systems Primer has 4 available units against a reorder point of 5. Request RR-26-0020 asks Horizon Academic Supply for 9 units with urgent priority. Confirm the committed delivery date by 2026-10-11 and record any partial receipt separately.
5825d51f-b9f8-54fc-bcb4-f2ff9a557053,RR-26-0021,4ced0f17-8fc1-5b29-834f-9bba6bc90386,16,0,Low,Ordered,0da0616c-25a9-5349-85fb-bf559e882634,2026-01-05T11:20:00+07:00,2026-01-11T16:00:00+07:00,USR003,Rust for Reliable Services has 15 available units against a reorder point of 5. Request RR-26-0021 asks Evergreen Wholesale for 16 units with low priority. Confirm the committed delivery date by 2026-01-11 and record any partial receipt separately.
4784b85b-1f15-5a93-afaa-451b9d9ed3fd,RR-26-0022,098c62de-85f1-555d-b773-296e19c58519,23,0,Medium,Partially Received,4fba0d14-1653-512e-ae59-32879c80e1fb,2026-02-08T12:27:00+07:00,2026-02-15T16:00:00+07:00,USR004,Knowledge Graph Foundations has 23 available units against a reorder point of 7. Request RR-26-0022 asks BlueShelf Distribution for 23 units with medium priority. Confirm the committed delivery date by 2026-02-15 and record any partial receipt separately.
7a6f1cac-a07d-59f6-9f54-3eaf70eae804,RR-26-0023,68595beb-afd3-577d-af2f-f33e0cd6671b,30,30,High,Received,d89f2834-962b-54b6-a956-60c2ceef3b8c,2026-03-11T13:34:00+07:00,2026-03-20T16:00:00+07:00,USR005,Founders and First Principles has 17 available units against a reorder point of 9. Request RR-26-0023 asks Global Leaf Partners for 30 units with high priority. Confirm the committed delivery date by 2026-03-20 and record any partial receipt separately.
fc5f0942-d135-5396-b6ba-7787a98d16e2,RR-26-0024,881616ac-1199-50a2-b7a8-c58afcc94bb9,37,0,Urgent,Approved,cee7ee64-f064-532d-a824-bb8e2ae81b96,2026-04-14T14:41:00+07:00,2026-04-22T16:00:00+07:00,USR006,The Social Mind has 25 available units against a reorder point of 6. Request RR-26-0024 asks Danube Book Trade for 37 units with urgent priority. Confirm the committed delivery date by 2026-04-22 and record any partial receipt separately.
