ID,bookId,isbn13,title,author_ID,category_ID,publisher_ID,description,coverPath,language,publicationDate,pageCount,price,currency,ratingAverage,ratingCount,initialStock,reorderPoint
a76568d4-389b-5ab7-98da-521b81477f91,B001,9781730000010,Clean Architecture in Practice,0868f03f-4b36-57de-a5d9-7d957f9c16db,104a6236-1f31-5f99-ac9e-400a6407267e,d352c219-e537-5e09-b667-7e51c726fcce,"Clean Architecture in Practice explores software engineering for engineering teams and frames the subject through a realistic project that changes as new constraints appear. Annotated examples explain where an approach works, where it fails, and what to measure next. The book ends with a set of trade-offs readers can use to evaluate alternatives in their own context. Ada Morgan draws on a distinct worked examples perspective throughout the book.",,English,1998-01-01,176,9.99,USD,2.8,10,2,5
33ae0524-fd80-5f02-aeaa-643980d90460,B002,9781730000027,Pragmatic Delivery,5b10b1f1-41ac-52b6-89d8-7eeccdd9fe9d,104a6236-1f31-5f99-ac9e-400a6407267e,16bca8da-142f-5c71-a698-39e0258dfbc2,Pragmatic Delivery explores software engineering for product leaders and starts with the decisions readers face before introducing the underlying concepts. Readers can follow the book in sequence or use individual chapters as references during active work. A closing synthesis shows how the individual techniques combine into a coherent operating approach. Liam Hart draws on a distinct historical evidence perspective throughout the book.,,German,1999-02-04,213,12.34,USD,4.9,10,5,6
4420e743-7170-5427-a843-482d3893cc03,B003,9781730000034,Patterns for Maintainable Systems,77c447f7-8082-5e90-88fc-2901a7a8e90e,104a6236-1f31-5f99-ac9e-400a6407267e,f2cdc091-5bde-50dd-bea9-7e722623e4d8,"Patterns for Maintainable Systems explores software engineering for university learners and uses a sequence of short cases to show how small choices affect long-term outcomes. Annotated examples explain where an approach works, where it fails, and what to measure next. The final section provides a practical path for applying the ideas over the next thirty days. Sofia Keller draws on a distinct technical diagrams perspective throughout the book.",,French,2000-03-07,250,14.69,USD,4.67,3,6,5
b68be64d-5218-5788-a5fe-b3e05e66829f,B004,9781730000041,Refactoring at Scale,9a20e46f-4cf5-5fc4-a071-021f59e26368,104a6236-1f31-5f99-ac9e-400a6407267e,42b2a315-f1df-517c-86c8-c57bc101809f,Refactoring at Scale explores software engineering for independent readers and connects foundational ideas with the operational details that teams often overlook. Readers can follow the book in sequence or use individual chapters as references during active work. The concluding chapter turns the central lessons into observable behaviors and measurable outcomes. Noah Bennett draws on a distinct classroom exercises perspective throughout the book.,,Vietnamese,2001-04-10,287,17.04,USD,3.33,3,42,7
5d21f628-8765-55cd-a87b-bb24ed505a30,B005,9781730000058,Testing Modern Applications,eec4b515-a19f-5bb7-a164-245d4b0cb4ac,104a6236-1f31-5f99-ac9e-400a6407267e,bbf8ac1a-22c9-5fc6-a8f5-2ea9e7d9321a,"Testing Modern Applications explores software engineering for operations managers and examines common assumptions and tests them against practical evidence. Annotated examples explain where an approach works, where it fails, and what to measure next. Reference notes point to further reading while keeping the main discussion accessible. Maya Iyer draws on a distinct comparative analysis perspective throughout the book.",,English,2002-05-13,324,19.39,USD,3,3,15,9
6082ff32-0c2a-5998-a274-9d2e7839f3c7,B006,9781730000065,JavaScript Essentials,94b30758-9cb1-53af-a913-ec3852f43a89,33e07922-99bc-5869-b610-6d67f9961e51,434bd8f5-3bfb-5cce-899d-19fe73224403,JavaScript Essentials explores programming languages for research practitioners and builds a complete mental model from clear definitions and progressively harder examples. Readers can follow the book in sequence or use individual chapters as references during active work. A final case revisits the opening problem and demonstrates how the evidence changes the decision. Ethan Brooks draws on a distinct field interviews perspective throughout the book.,,German,2003-06-16,361,21.74,USD,3.67,3,20,5
99d1f116-2a3e-57ba-a443-796c53683495,B007,9781730000072,Effective TypeScript Patterns,af7299db-9ff4-51a7-9ffb-af7e5f01d021,33e07922-99bc-5869-b610-6d67f9961e51,fdacf979-3d43-5d02-b742-7122e407c618,"Effective TypeScript Patterns explores programming languages for engineering teams and frames the subject through a realistic project that changes as new constraints appear. Annotated examples explain where an approach works, where it fails, and what to measure next. The book ends with a set of trade-offs readers can use to evaluate alternatives in their own context. Olivia Chen draws on a distinct case studies perspective throughout the book.",,French,2004-07-19,398,24.09,USD,4.33,3,25,6
53b81276-1fb0-5741-bb4e-099ad1653c52,B008,9781730000089,Python for Data Work,7e251edb-d10c-560b-8915-0cb2b7be6531,33e07922-99bc-5869-b610-6d67f9961e51,a561ff28-638b-5da8-b191-b0fcae7a07f4,Python for Data Work explores programming languages for product leaders and starts with the decisions readers face before introducing the underlying concepts. Readers can follow the book in sequence or use individual chapters as references during active work. A closing synthesis shows how the individual techniques combine into a coherent operating approach. Lucas Moreau draws on a distinct worked examples perspective throughout the book.,,Vietnamese,2005-08-22,435,26.44,USD,4.67,3,30,7
dad139a9-e096-583b-9b3d-200fd135baa5,B009,9781730000096,Modern Web Components,1e8c9c82-b245-5be9-a6a8-f16853b79780,104aa845-a360-5620-bb93-53b2346ffa21,07d019fb-a221-5ed7-bfea-f75e9359e511,"Modern Web Components explores web development for university learners and uses a sequence of short cases to show how small choices affect long-term outcomes. Annotated examples explain where an approach works, where it fails, and what to measure next. The final section provides a practical path for applying the ideas over the next thirty days. Amelia Rossi draws on a distinct historical evidence perspective throughout the book.",,English,2006-09-25,472,28.79,USD,3.33,3,17,8
662bd09d-481e-5c7b-994a-9de161f66f4e,B010,9781730000102,Accessible Frontends,9bbfc968-91a5-53be-9d96-424cce0b1b64,104aa845-a360-5620-bb93-53b2346ffa21,c6cbbd9f-b9aa-5820-926e-fd024251d9c7,Accessible Frontends explores web development for independent readers and connects foundational ideas with the operational details that teams often overlook. Readers can follow the book in sequence or use individual chapters as references during active work. The concluding chapter turns the central lessons into observable behaviors and measurable outcomes. Mateo Silva draws on a distinct technical diagrams perspective throughout the book.,,German,2007-10-02,509,31.14,USD,3,3,22,9
52da7c0f-a130-59a8-8a83-c39fafe889bb,B011,9781730000119,Data Products That Work,736dba79-5a05-5b26-91d9-07e4212fd523,631cd19c-15e2-5189-9761-3544b1003759,02a12a2a-3825-533a-8541-732196771257,"Data Products That Work explores data and ai for operations managers and examines common assumptions and tests them against practical evidence. Annotated examples explain where an approach works, where it fails, and what to measure next. Reference notes point to further reading while keeping the main discussion accessible. Hannah Fischer draws on a distinct classroom exercises perspective throughout the book.",,French,2008-11-05,546,33.49,USD,3.67,3,27,5
f0fdb0de-8afc-5f05-b5f8-c38203b8965f,B012,9781730000126,Machine Learning Operations,a3bf6507-842e-55a5-9589-2e5dcfe8c653,631cd19c-15e2-5189-9761-3544b1003759,01acac7b-cdba-5bc1-af0a-ba4fb24f7445,Machine Learning Operations explores data and ai for research practitioners and builds a complete mental model from clear definitions and progressively harder examples. Readers can follow the book in sequence or use individual chapters as references during active work. A final case revisits the opening problem and demonstrates how the evidence changes the decision. Daniel Kim draws on a distinct comparative analysis perspective throughout the book.,,Vietnamese,2009-12-08,583,35.84,USD,4.33,3,14,6
41b74bd0-fb55-58c6-bb82-3660adea882d,B013,9781730000133,Responsible AI Systems,2306565e-8f97-5dc9-87f9-d6bfd8fd9803,631cd19c-15e2-5189-9761-3544b1003759,d352c219-e537-5e09-b667-7e51c726fcce,"Responsible AI Systems explores data and ai for engineering teams and frames the subject through a realistic project that changes as new constraints appear. Annotated examples explain where an approach works, where it fails, and what to measure next. The book ends with a set of trade-offs readers can use to evaluate alternatives in their own context. Grace Wilson draws on a distinct field interviews perspective throughout the book.",,English,2010-01-11,620,38.19,USD,4.67,3,2,5
d092f1c0-c824-5380-b033-5b6bc3a58ee6,B014,9781730000140,Analytics Engineering,214707e6-8418-5814-91b0-d61e21082d71,631cd19c-15e2-5189-9761-3544b1003759,16bca8da-142f-5c71-a698-39e0258dfbc2,Analytics Engineering explores data and ai for product leaders and starts with the decisions readers face before introducing the underlying concepts. Readers can follow the book in sequence or use individual chapters as references during active work. A closing synthesis shows how the individual techniques combine into a coherent operating approach. Henry Adams draws on a distinct case studies perspective throughout the book.,,German,2011-02-14,657,40.54,USD,3.33,3,5,6
7e4fc915-892e-5b57-97ae-28f2088c2024,B015,9781730000157,The Red Planet Archive,85db1602-09bf-594a-a1e3-d18b73dbdd18,e064c55a-c279-5494-8774-34a2b351a9fe,f2cdc091-5bde-50dd-bea9-7e722623e4d8,"The Red Planet Archive explores science fiction for university learners and uses a sequence of short cases to show how small choices affect long-term outcomes. Annotated examples explain where an approach works, where it fails, and what to measure next. The final section provides a practical path for applying the ideas over the next thirty days. Nora Jensen draws on a distinct worked examples perspective throughout the book.",,French,2012-03-17,694,42.89,USD,3,3,6,5
d9ecc9c8-f945-5059-a8d5-11431c394cb9,B016,9781730000164,Signals Beyond Orion,72a47a74-0429-5b90-9041-d006428a9bf2,e064c55a-c279-5494-8774-34a2b351a9fe,42b2a315-f1df-517c-86c8-c57bc101809f,Signals Beyond Orion explores science fiction for independent readers and connects foundational ideas with the operational details that teams often overlook. Readers can follow the book in sequence or use individual chapters as references during active work. The concluding chapter turns the central lessons into observable behaviors and measurable outcomes. Leo Martin draws on a distinct historical evidence perspective throughout the book.,,Vietnamese,2013-04-20,211,45.24,USD,3.67,3,42,7
4f77c722-8db6-5225-b7fb-9041aca2b380,B017,9781730000171,The Last Lunar Station,6bc7d299-cedb-5a1e-82e5-828164e098d3,e064c55a-c279-5494-8774-34a2b351a9fe,bbf8ac1a-22c9-5fc6-a8f5-2ea9e7d9321a,"The Last Lunar Station explores science fiction for operations managers and examines common assumptions and tests them against practical evidence. Annotated examples explain where an approach works, where it fails, and what to measure next. Reference notes point to further reading while keeping the main discussion accessible. Isla Thompson draws on a distinct technical diagrams perspective throughout the book.",,English,2014-05-23,248,47.59,USD,4.33,3,21,6
e73966ab-1d84-56c1-a96e-f8b592e06e64,B018,9781730000188,Tomorrow Under Glass,63d99fba-c2fe-515c-a889-bbf861cf4d1e,c6b01fd4-fd8e-5dc3-9ad0-6ea27eb121f2,434bd8f5-3bfb-5cce-899d-19fe73224403,Tomorrow Under Glass explores dystopian fiction for research practitioners and builds a complete mental model from clear definitions and progressively harder examples. Readers can follow the book in sequence or use individual chapters as references during active work. A final case revisits the opening problem and demonstrates how the evidence changes the decision. Aarav Mehta draws on a distinct classroom exercises perspective throughout the book.,,German,2015-06-26,285,49.94,USD,4.67,3,26,7
c5bbc21c-8a87-5402-b26a-7b264efb5148,B019,9781730000195,The Quiet Algorithm,9c317c59-48cf-531f-88b7-eb24712d34ee,c6b01fd4-fd8e-5dc3-9ad0-6ea27eb121f2,fdacf979-3d43-5d02-b742-7122e407c618,"The Quiet Algorithm explores dystopian fiction for engineering teams and frames the subject through a realistic project that changes as new constraints appear. Annotated examples explain where an approach works, where it fails, and what to measure next. The book ends with a set of trade-offs readers can use to evaluate alternatives in their own context. Elena Petrova draws on a distinct comparative analysis perspective throughout the book.",,French,2016-07-03,322,52.29,USD,3.33,3,13,8
53424a68-b787-5ed5-b9ca-17b8acb36cee,B020,9781730000201,City of Borrowed Time,91b69184-179b-5ce3-bc0b-5efd6ad2586d,c6b01fd4-fd8e-5dc3-9ad0-6ea27eb121f2,a561ff28-638b-5da8-b191-b0fcae7a07f4,City of Borrowed Time explores dystopian fiction for product leaders and starts with the decisions readers face before introducing the underlying concepts. Readers can follow the book in sequence or use individual chapters as references during active work. A closing synthesis shows how the individual techniques combine into a coherent operating approach. Jonas Berg draws on a distinct field interviews perspective throughout the book.,,Vietnamese,2017-08-06,359,54.64,USD,3,3,18,9
ed80dd70-9e01-5974-b4ed-f21a7923cb21,B021,9781730000218,The Amber Compass,d6cdc9b8-9945-59f2-b203-3525de085646,99dec125-afd6-52e4-9f09-b689761ee222,07d019fb-a221-5ed7-bfea-f75e9359e511,"The Amber Compass explores fantasy for university learners and uses a sequence of short cases to show how small choices affect long-term outcomes. Annotated examples explain where an approach works, where it fails, and what to measure next. The final section provides a practical path for applying the ideas over the next thirty days. Camila Torres draws on a distinct case studies perspective throughout the book.",,English,2018-09-09,396,56.99,USD,3.67,3,23,5
a6728b5d-22c9-5abd-ad3b-cfabcf7e84a3,B022,9781730000225,Gardens of the Sky,b92f41f1-a0bb-5163-9b47-f177fc548310,99dec125-afd6-52e4-9f09-b689761ee222,c6cbbd9f-b9aa-5820-926e-fd024251d9c7,Gardens of the Sky explores fantasy for independent readers and connects foundational ideas with the operational details that teams often overlook. Readers can follow the book in sequence or use individual chapters as references during active work. The concluding chapter turns the central lessons into observable behaviors and measurable outcomes. Owen Murphy draws on a distinct worked examples perspective throughout the book.,,German,2019-10-12,433,59.34,USD,4.33,3,28,6
5ed4e3fb-93d2-50e3-97f1-fe1d802aadde,B023,9781730000232,The Clockmaker Forest,05fc5546-13a8-50e9-9b10-b79e1687b7af,99dec125-afd6-52e4-9f09-b689761ee222,02a12a2a-3825-533a-8541-732196771257,"The Clockmaker Forest explores fantasy for operations managers and examines common assumptions and tests them against practical evidence. Annotated examples explain where an approach works, where it fails, and what to measure next. Reference notes point to further reading while keeping the main discussion accessible. Mia Laurent draws on a distinct historical evidence perspective throughout the book.",,French,2020-11-15,470,61.69,USD,4.67,3,15,7
2654675e-2591-5485-81d2-462716402e2f,B024,9781730000249,Starting Small,21ae1f30-233e-54a9-bf86-e68e70f29523,8f57b4e3-1dc0-5293-ae81-415dc73103bb,01acac7b-cdba-5bc1-af0a-ba4fb24f7445,Starting Small explores entrepreneurship for research practitioners and builds a complete mental model from clear definitions and progressively harder examples. Readers can follow the book in sequence or use individual chapters as references during active work. A final case revisits the opening problem and demonstrates how the evidence changes the decision. Samuel Okafor draws on a distinct technical diagrams perspective throughout the book.,,Vietnamese,2021-12-18,507,64.04,USD,3.33,3,20,8
9149bc80-9e3d-5213-bf05-fe6cd922165a,B025,9781730000256,The Durable Venture,02b464b2-94ab-51af-a7cf-7ce2e7d18dec,8f57b4e3-1dc0-5293-ae81-415dc73103bb,d352c219-e537-5e09-b667-7e51c726fcce,"The Durable Venture explores entrepreneurship for engineering teams and frames the subject through a realistic project that changes as new constraints appear. Annotated examples explain where an approach works, where it fails, and what to measure next. The book ends with a set of trade-offs readers can use to evaluate alternatives in their own context. Chloe Dubois draws on a distinct classroom exercises perspective throughout the book.",,English,2022-01-21,544,66.39,USD,3,3,2,5
3a904409-3946-589e-9710-bdb867ec90f6,B026,9781730000263,Customer Discovery Fieldbook,62bb048a-2693-5470-aebc-df78388851a9,8f57b4e3-1dc0-5293-ae81-415dc73103bb,16bca8da-142f-5c71-a698-39e0258dfbc2,Customer Discovery Fieldbook explores entrepreneurship for product leaders and starts with the decisions readers face before introducing the underlying concepts. Readers can follow the book in sequence or use individual chapters as references during active work. A closing synthesis shows how the individual techniques combine into a coherent operating approach. Jack Nguyen draws on a distinct comparative analysis perspective throughout the book.,,German,2023-02-24,581,10.74,USD,3.67,3,5,6
ee812ea9-be52-5879-866e-a7ac2e0502b9,B027,9781730000270,Leading With Context,2afae70e-3267-51ef-8982-e97cbae9f00b,557e0dbf-f9f2-509d-a082-357d60c21796,f2cdc091-5bde-50dd-bea9-7e722623e4d8,"Leading With Context explores management for university learners and uses a sequence of short cases to show how small choices affect long-term outcomes. Annotated examples explain where an approach works, where it fails, and what to measure next. The final section provides a practical path for applying the ideas over the next thirty days. Emma Sato draws on a distinct field interviews perspective throughout the book.",,French,2024-03-01,618,13.09,USD,3.5,2,6,5
eeee66ba-14ce-5157-9543-ed4b8d25e734,B028,9781730000287,Operating Models Explained,1d6821a0-659d-5cda-8d07-230a1c857312,557e0dbf-f9f2-509d-a082-357d60c21796,42b2a315-f1df-517c-86c8-c57bc101809f,Operating Models Explained explores management for independent readers and connects foundational ideas with the operational details that teams often overlook. Readers can follow the book in sequence or use individual chapters as references during active work. The concluding chapter turns the central lessons into observable behaviors and measurable outcomes. Felix Weber draws on a distinct case studies perspective throughout the book.,,Vietnamese,2025-04-04,655,15.44,USD,4.5,2,42,7
c0651b68-ac90-5634-8160-21fd343f90b1,B029,9781730000294,The Calm Manager,6740194c-e95b-5e4b-b285-29eccd417122,557e0dbf-f9f2-509d-a082-357d60c21796,bbf8ac1a-22c9-5fc6-a8f5-2ea9e7d9321a,"The Calm Manager explores management for operations managers and examines common assumptions and tests them against practical evidence. Annotated examples explain where an approach works, where it fails, and what to measure next. Reference notes point to further reading while keeping the main discussion accessible. Layla Hassan draws on a distinct worked examples perspective throughout the book.",,English,1998-05-07,692,17.79,USD,3.5,2,27,8
4cd4842a-0a82-5897-8186-39d34b38586b,B030,9781730000300,Thinking in Choices,4b8795f5-835b-5269-8c4e-4d155777f2e3,593aeac5-f621-5516-a030-96411882f283,434bd8f5-3bfb-5cce-899d-19fe73224403,Thinking in Choices explores behavioral science for research practitioners and builds a complete mental model from clear definitions and progressively harder examples. Readers can follow the book in sequence or use individual chapters as references during active work. A final case revisits the opening problem and demonstrates how the evidence changes the decision. Gabriel Costa draws on a distinct historical evidence perspective throughout the book.,,German,1999-06-10,209,20.14,USD,4.5,2,14,9
5bf88db4-0719-504b-8f01-746d4c2c5123,B031,9781730000317,Habits and Attention,90016bb0-7d1b-5a98-8c27-094bf4c6606b,593aeac5-f621-5516-a030-96411882f283,fdacf979-3d43-5d02-b742-7122e407c618,"Habits and Attention explores behavioral science for engineering teams and frames the subject through a realistic project that changes as new constraints appear. Annotated examples explain where an approach works, where it fails, and what to measure next. The book ends with a set of trade-offs readers can use to evaluate alternatives in their own context. Zoe Walker draws on a distinct technical diagrams perspective throughout the book.",,French,2000-07-13,246,22.49,USD,3.5,2,19,5
dd8a7027-e492-52de-92fd-8230a4f4c7c4,B032,9781730000324,The Decision Laboratory,654e26f7-8d6e-5d6c-872d-e4b8ea124826,593aeac5-f621-5516-a030-96411882f283,a561ff28-638b-5da8-b191-b0fcae7a07f4,The Decision Laboratory explores behavioral science for product leaders and starts with the decisions readers face before introducing the underlying concepts. Readers can follow the book in sequence or use individual chapters as references during active work. A closing synthesis shows how the individual techniques combine into a coherent operating approach. Theo Brown draws on a distinct classroom exercises perspective throughout the book.,,Vietnamese,2001-08-16,283,24.84,USD,4.5,2,24,6
6f8d38af-9d3d-5a48-9b16-142dfed842bc,B033,9781730000331,Physics in Everyday Life,4e3285fd-98a3-5659-976f-c0e7ecd7baef,9548c74b-b793-5596-8b15-6c2716eaabea,07d019fb-a221-5ed7-bfea-f75e9359e511,"Physics in Everyday Life explores physics for university learners and uses a sequence of short cases to show how small choices affect long-term outcomes. Annotated examples explain where an approach works, where it fails, and what to measure next. The final section provides a practical path for applying the ideas over the next thirty days. Anika Rao draws on a distinct comparative analysis perspective throughout the book.",,English,2002-09-19,320,27.19,USD,3.5,2,29,7
40ac1c32-7c48-541b-92b8-f0f24d0755a3,B034,9781730000348,A Short Tour of Space-Time,5beab4a0-c25c-5bf7-9ab9-0806d5a57884,9548c74b-b793-5596-8b15-6c2716eaabea,c6cbbd9f-b9aa-5820-926e-fd024251d9c7,A Short Tour of Space-Time explores physics for independent readers and connects foundational ideas with the operational details that teams often overlook. Readers can follow the book in sequence or use individual chapters as references during active work. The concluding chapter turns the central lessons into observable behaviors and measurable outcomes. Maxim Novak draws on a distinct field interviews perspective throughout the book.,,German,2003-10-22,357,29.54,USD,4.5,2,16,8
7d35b77e-4444-5296-a951-8afc239cb4be,B035,9781730000355,Energy and the Modern World,10e69877-365a-5e8f-b27b-494db3428384,9548c74b-b793-5596-8b15-6c2716eaabea,02a12a2a-3825-533a-8541-732196771257,"Energy and the Modern World explores physics for operations managers and examines common assumptions and tests them against practical evidence. Annotated examples explain where an approach works, where it fails, and what to measure next. Reference notes point to further reading while keeping the main discussion accessible. Lena Schmidt draws on a distinct case studies perspective throughout the book.",,French,2004-11-25,394,31.89,USD,3.5,2,21,9
597b5219-d8fb-5169-aa52-a40cb33efe91,B036,9781730000362,Connected Empires,0868f03f-4b36-57de-a5d9-7d957f9c16db,8847b86d-b762-5775-85a0-8b85a7fd4bde,01acac7b-cdba-5bc1-af0a-ba4fb24f7445,Connected Empires explores world history for research practitioners and builds a complete mental model from clear definitions and progressively harder examples. Readers can follow the book in sequence or use individual chapters as references during active work. A final case revisits the opening problem and demonstrates how the evidence changes the decision. Ada Morgan draws on a distinct worked examples perspective throughout the book.,,Vietnamese,2005-12-02,431,34.24,USD,4.5,2,26,5
a697ab71-b593-53ad-999c-d579ea43d3b5,B037,9781730000379,Trade Routes and Ideas,5b10b1f1-41ac-52b6-89d8-7eeccdd9fe9d,8847b86d-b762-5775-85a0-8b85a7fd4bde,d352c219-e537-5e09-b667-7e51c726fcce,"Trade Routes and Ideas explores world history for engineering teams and frames the subject through a realistic project that changes as new constraints appear. Annotated examples explain where an approach works, where it fails, and what to measure next. The book ends with a set of trade-offs readers can use to evaluate alternatives in their own context. Liam Hart draws on a distinct historical evidence perspective throughout the book.",,English,2006-01-05,468,36.59,USD,3.5,2,2,5
3074f892-1433-5b09-b383-4520b20a720c,B038,9781730000386,The Year the Maps Changed,77c447f7-8082-5e90-88fc-2901a7a8e90e,8847b86d-b762-5775-85a0-8b85a7fd4bde,16bca8da-142f-5c71-a698-39e0258dfbc2,The Year the Maps Changed explores world history for product leaders and starts with the decisions readers face before introducing the underlying concepts. Readers can follow the book in sequence or use individual chapters as references during active work. A closing synthesis shows how the individual techniques combine into a coherent operating approach. Sofia Keller draws on a distinct technical diagrams perspective throughout the book.,,German,2007-02-08,505,38.94,USD,4.5,2,5,6
ecd5fb99-4e96-5c34-bb2b-e6201f49ebd2,B039,9781730000393,Distributed Systems Primer,9a20e46f-4cf5-5fc4-a071-021f59e26368,104a6236-1f31-5f99-ac9e-400a6407267e,f2cdc091-5bde-50dd-bea9-7e722623e4d8,"Distributed Systems Primer explores software engineering for university learners and uses a sequence of short cases to show how small choices affect long-term outcomes. Annotated examples explain where an approach works, where it fails, and what to measure next. The final section provides a practical path for applying the ideas over the next thirty days. Noah Bennett draws on a distinct classroom exercises perspective throughout the book.",,French,2008-03-11,542,41.29,USD,3.5,2,6,5
27b50a36-8344-58f9-abbc-cfbe91c1fb50,B040,9781730000409,Database Reliability,eec4b515-a19f-5bb7-a164-245d4b0cb4ac,104a6236-1f31-5f99-ac9e-400a6407267e,42b2a315-f1df-517c-86c8-c57bc101809f,Database Reliability explores software engineering for independent readers and connects foundational ideas with the operational details that teams often overlook. Readers can follow the book in sequence or use individual chapters as references during active work. The concluding chapter turns the central lessons into observable behaviors and measurable outcomes. Maya Iyer draws on a distinct comparative analysis perspective throughout the book.,,Vietnamese,2009-04-14,579,43.64,USD,4.5,2,42,7
4ced0f17-8fc1-5b29-834f-9bba6bc90386,B041,9781730000416,Rust for Reliable Services,94b30758-9cb1-53af-a913-ec3852f43a89,33e07922-99bc-5869-b610-6d67f9961e51,bbf8ac1a-22c9-5fc6-a8f5-2ea9e7d9321a,"Rust for Reliable Services explores programming languages for operations managers and examines common assumptions and tests them against practical evidence. Annotated examples explain where an approach works, where it fails, and what to measure next. Reference notes point to further reading while keeping the main discussion accessible. Ethan Brooks draws on a distinct field interviews perspective throughout the book.",,English,2010-05-17,616,45.99,USD,,0,15,5
bce8902e-c7c5-5449-9be0-3611745a4df5,B042,9781730000423,Designing APIs,af7299db-9ff4-51a7-9ffb-af7e5f01d021,104aa845-a360-5620-bb93-53b2346ffa21,434bd8f5-3bfb-5cce-899d-19fe73224403,Designing APIs explores web development for research practitioners and builds a complete mental model from clear definitions and progressively harder examples. Readers can follow the book in sequence or use individual chapters as references during active work. A final case revisits the opening problem and demonstrates how the evidence changes the decision. Olivia Chen draws on a distinct case studies perspective throughout the book.,,German,2011-06-20,653,48.34,USD,,0,20,6
098c62de-85f1-555d-b773-296e19c58519,B043,9781730000430,Knowledge Graph Foundations,7e251edb-d10c-560b-8915-0cb2b7be6531,631cd19c-15e2-5189-9761-3544b1003759,fdacf979-3d43-5d02-b742-7122e407c618,"Knowledge Graph Foundations explores data and ai for engineering teams and frames the subject through a realistic project that changes as new constraints appear. Annotated examples explain where an approach works, where it fails, and what to measure next. The book ends with a set of trade-offs readers can use to evaluate alternatives in their own context. Lucas Moreau draws on a distinct worked examples perspective throughout the book.",,French,2012-07-23,690,50.69,USD,,0,25,7
5743cbd7-8938-5090-a002-ef6ac36e6a77,B044,9781730000447,The Ocean Between Stars,1e8c9c82-b245-5be9-a6a8-f16853b79780,e064c55a-c279-5494-8774-34a2b351a9fe,a561ff28-638b-5da8-b191-b0fcae7a07f4,The Ocean Between Stars explores science fiction for product leaders and starts with the decisions readers face before introducing the underlying concepts. Readers can follow the book in sequence or use individual chapters as references during active work. A closing synthesis shows how the individual techniques combine into a coherent operating approach. Amelia Rossi draws on a distinct historical evidence perspective throughout the book.,,Vietnamese,2013-08-26,207,53.04,USD,,0,30,8
68595beb-afd3-577d-af2f-f33e0cd6671b,B045,9781730000454,Founders and First Principles,9bbfc968-91a5-53be-9d96-424cce0b1b64,8f57b4e3-1dc0-5293-ae81-415dc73103bb,07d019fb-a221-5ed7-bfea-f75e9359e511,"Founders and First Principles explores entrepreneurship for university learners and uses a sequence of short cases to show how small choices affect long-term outcomes. Annotated examples explain where an approach works, where it fails, and what to measure next. The final section provides a practical path for applying the ideas over the next thirty days. Mateo Silva draws on a distinct technical diagrams perspective throughout the book.",,English,2014-09-03,244,55.39,USD,,0,17,9
f19a94e4-aadf-50d6-b030-5f5aa658de63,B046,9781730000461,Teams That Learn,736dba79-5a05-5b26-91d9-07e4212fd523,557e0dbf-f9f2-509d-a082-357d60c21796,c6cbbd9f-b9aa-5820-926e-fd024251d9c7,Teams That Learn explores management for independent readers and connects foundational ideas with the operational details that teams often overlook. Readers can follow the book in sequence or use individual chapters as references during active work. The concluding chapter turns the central lessons into observable behaviors and measurable outcomes. Hannah Fischer draws on a distinct classroom exercises perspective throughout the book.,,German,2015-10-06,281,57.74,USD,,0,22,5
881616ac-1199-50a2-b7a8-c58afcc94bb9,B047,9781730000478,The Social Mind,a3bf6507-842e-55a5-9589-2e5dcfe8c653,593aeac5-f621-5516-a030-96411882f283,02a12a2a-3825-533a-8541-732196771257,"The Social Mind explores behavioral science for operations managers and examines common assumptions and tests them against practical evidence. Annotated examples explain where an approach works, where it fails, and what to measure next. Reference notes point to further reading while keeping the main discussion accessible. Daniel Kim draws on a distinct comparative analysis perspective throughout the book.",,French,2016-11-09,318,60.09,USD,,0,27,6
d50c0ec7-c4e3-5563-8c9b-69308aa3a0e7,B048,9781730000485,Quantum Ideas Without Equations,2306565e-8f97-5dc9-87f9-d6bfd8fd9803,9548c74b-b793-5596-8b15-6c2716eaabea,01acac7b-cdba-5bc1-af0a-ba4fb24f7445,Quantum Ideas Without Equations explores physics for research practitioners and builds a complete mental model from clear definitions and progressively harder examples. Readers can follow the book in sequence or use individual chapters as references during active work. A final case revisits the opening problem and demonstrates how the evidence changes the decision. Grace Wilson draws on a distinct field interviews perspective throughout the book.,,Vietnamese,2017-12-12,355,62.44,USD,,0,14,7
