ID,saleId,book_ID,salesMonth,soldAt,quantity,unitPrice,currency,netAmount,channel
9328259f-ff2e-5161-a267-d2e5ebf93d82,SAL0001,a76568d4-389b-5ab7-98da-521b81477f91,2026-01,2026-01-06T09:00:00+07:00,2,9.99,USD,19.98,Online
6a6a1fb0-0300-5bc7-ab67-792d7e6cc9ca,SAL0002,a76568d4-389b-5ab7-98da-521b81477f91,2026-06,2026-06-17T09:11:00+07:00,9,9.99,USD,89.91,Store
326341ad-0881-599e-abcd-9a4e805b99f2,SAL0003,33ae0524-fd80-5f02-aeaa-643980d90460,2026-02,2026-02-07T10:07:00+07:00,7,12.34,USD,86.38,Store
2553b73a-9810-5d42-81f2-c8bc87372f1b,SAL0004,33ae0524-fd80-5f02-aeaa-643980d90460,2026-07,2026-07-18T10:18:00+07:00,14,12.34,USD,172.76,Workshop
09a783d0-6d53-5147-b40e-abf22b9b04a5,SAL0005,4420e743-7170-5427-a843-482d3893cc03,2026-03,2026-03-08T11:14:00+07:00,12,14.69,USD,176.28,Workshop
0c7a76dd-6741-5a16-83c3-9031094a7680,SAL0006,4420e743-7170-5427-a843-482d3893cc03,2026-08,2026-08-19T11:25:00+07:00,6,14.69,USD,88.14,Online
fe91ea40-114c-51b9-841e-8bb91d699558,SAL0007,b68be64d-5218-5788-a5fe-b3e05e66829f,2026-04,2026-04-09T12:21:00+07:00,4,17.04,USD,68.16,Online
93f36ef8-2665-5415-b944-4f9758ecb9e5,SAL0008,b68be64d-5218-5788-a5fe-b3e05e66829f,2026-09,2026-09-20T12:32:00+07:00,11,17.04,USD,187.44,Store
5c8b80e2-d19a-5cfc-8fed-860ecd7aaa9d,SAL0009,5d21f628-8765-55cd-a87b-bb24ed505a30,2026-05,2026-05-10T13:28:00+07:00,9,19.39,USD,174.51,Store
a7497682-58a3-5b3b-ba04-1c40cb75ad99,SAL0010,5d21f628-8765-55cd-a87b-bb24ed505a30,2026-10,2026-10-21T13:39:00+07:00,3,19.39,USD,58.17,Workshop
1c527628-364f-5d81-9e33-ad154999a515,SAL0011,6082ff32-0c2a-5998-a274-9d2e7839f3c7,2026-06,2026-06-11T14:35:00+07:00,14,21.74,USD,304.36,Workshop
e0db8738-e329-521a-8ae7-9c37ed4b2e2f,SAL0012,6082ff32-0c2a-5998-a274-9d2e7839f3c7,2026-01,2026-01-22T14:46:00+07:00,8,21.74,USD,173.92,Online
73caf826-6fa5-53d1-8612-ddffbd1afcd8,SAL0013,99d1f116-2a3e-57ba-a443-796c53683495,2026-07,2026-07-12T15:42:00+07:00,6,24.09,USD,144.54,Online
5620a0be-552c-54ba-a68b-730cf53a6961,SAL0014,99d1f116-2a3e-57ba-a443-796c53683495,2026-02,2026-02-23T15:53:00+07:00,13,24.09,USD,313.17,Store
ab01e8fb-f4c0-5dd6-99fd-5dda799688ba,SAL0015,53b81276-1fb0-5741-bb4e-099ad1653c52,2026-08,2026-08-13T16:49:00+07:00,11,26.44,USD,290.84,Store
f4e3e2da-2035-5e78-824a-a0441186ab1f,SAL0016,53b81276-1fb0-5741-bb4e-099ad1653c52,2026-03,2026-03-24T16:00:00+07:00,5,26.44,USD,132.20,Workshop
99822264-e618-5f22-bbc2-caae098f137a,SAL0017,dad139a9-e096-583b-9b3d-200fd135baa5,2026-09,2026-09-14T09:56:00+07:00,3,28.79,USD,86.37,Workshop
615e7bf4-bc09-597d-be14-43a091a5d5c5,SAL0018,dad139a9-e096-583b-9b3d-200fd135baa5,2026-04,2026-04-25T09:07:00+07:00,10,28.79,USD,287.90,Online
1c7dc92f-eed7-51b1-b205-daa1177aa15a,SAL0019,662bd09d-481e-5c7b-994a-9de161f66f4e,2026-10,2026-10-15T10:03:00+07:00,8,31.14,USD,249.12,Online
0d43eb0e-71b9-5e41-bf7c-4897ab287a25,SAL0020,662bd09d-481e-5c7b-994a-9de161f66f4e,2026-05,2026-05-26T10:14:00+07:00,2,31.14,USD,62.28,Store
405bc51b-ee26-5ac9-a35b-cf1fdcc92abd,SAL0021,52da7c0f-a130-59a8-8a83-c39fafe889bb,2026-01,2026-01-16T11:10:00+07:00,13,33.49,USD,435.37,Store
1d5b283d-4e71-556a-80dd-7dad4d2a5a54,SAL0022,52da7c0f-a130-59a8-8a83-c39fafe889bb,2026-06,2026-06-17T11:21:00+07:00,7,33.49,USD,234.43,Workshop
37702592-a349-5d83-908c-69f823734f95,SAL0023,f0fdb0de-8afc-5f05-b5f8-c38203b8965f,2026-02,2026-02-17T12:17:00+07:00,5,35.84,USD,179.20,Workshop
868ffdc5-464a-5d2a-85f0-7bbe16cfbf11,SAL0024,f0fdb0de-8afc-5f05-b5f8-c38203b8965f,2026-07,2026-07-18T12:28:00+07:00,12,35.84,USD,430.08,Online
6e53b8f7-8c36-5b9f-9288-1ad78a795840,SAL0025,41b74bd0-fb55-58c6-bb82-3660adea882d,2026-03,2026-03-06T13:24:00+07:00,10,38.19,USD,381.90,Online
22c9793d-1880-53e1-ad4b-9a991df5f683,SAL0026,41b74bd0-fb55-58c6-bb82-3660adea882d,2026-08,2026-08-19T13:35:00+07:00,4,38.19,USD,152.76,Store
04f3cc79-07a3-5132-9010-1c04efa60dfb,SAL0027,d092f1c0-c824-5380-b033-5b6bc3a58ee6,2026-04,2026-04-07T14:31:00+07:00,2,40.54,USD,81.08,Store
fbb8dd14-f595-5b74-b975-b572864761b9,SAL0028,d092f1c0-c824-5380-b033-5b6bc3a58ee6,2026-09,2026-09-20T14:42:00+07:00,9,40.54,USD,364.86,Workshop
9537891f-a7e7-507a-80a2-19d2f2fed334,SAL0029,7e4fc915-892e-5b57-97ae-28f2088c2024,2026-05,2026-05-08T15:38:00+07:00,7,42.89,USD,300.23,Workshop
91a53307-96fc-55df-9de5-03f19a531005,SAL0030,7e4fc915-892e-5b57-97ae-28f2088c2024,2026-10,2026-10-21T15:49:00+07:00,14,42.89,USD,600.46,Online
ba7c0ed1-5106-59fe-9069-9735708334b2,SAL0031,d9ecc9c8-f945-5059-a8d5-11431c394cb9,2026-06,2026-06-09T16:45:00+07:00,12,45.24,USD,542.88,Online
bd1e6241-dfa7-59cb-9219-2eaf1fe43efd,SAL0032,d9ecc9c8-f945-5059-a8d5-11431c394cb9,2026-01,2026-01-22T16:56:00+07:00,6,45.24,USD,271.44,Store
c7a56d06-afc4-53c6-9fce-edbc2290e206,SAL0033,4f77c722-8db6-5225-b7fb-9041aca2b380,2026-07,2026-07-10T09:52:00+07:00,4,47.59,USD,190.36,Store
7f26e9e3-29b3-5a21-be2a-f02608e342ce,SAL0034,4f77c722-8db6-5225-b7fb-9041aca2b380,2026-02,2026-02-23T09:03:00+07:00,11,47.59,USD,523.49,Workshop
cf7b7a5c-f247-534f-a1ea-ca851c06cbe1,SAL0035,e73966ab-1d84-56c1-a96e-f8b592e06e64,2026-08,2026-08-11T10:59:00+07:00,9,49.94,USD,449.46,Workshop
83d1e8ac-59f3-51f6-8329-c39c5cd71b1f,SAL0036,e73966ab-1d84-56c1-a96e-f8b592e06e64,2026-03,2026-03-24T10:10:00+07:00,3,49.94,USD,149.82,Online
663ddda6-df95-5c6b-9dbe-9d4be67c87cd,SAL0037,c5bbc21c-8a87-5402-b26a-7b264efb5148,2026-09,2026-09-12T11:06:00+07:00,14,52.29,USD,732.06,Online
d33374b3-6266-5e61-8c15-e01337324e98,SAL0038,c5bbc21c-8a87-5402-b26a-7b264efb5148,2026-04,2026-04-25T11:17:00+07:00,8,52.29,USD,418.32,Store
dc3d6a1c-eb49-534f-bae3-e2aba03fb272,SAL0039,53424a68-b787-5ed5-b9ca-17b8acb36cee,2026-10,2026-10-13T12:13:00+07:00,6,54.64,USD,327.84,Store
1338a038-4782-5a36-b397-7e429952f6ea,SAL0040,53424a68-b787-5ed5-b9ca-17b8acb36cee,2026-05,2026-05-26T12:24:00+07:00,13,54.64,USD,710.32,Workshop
20ed095f-4d1e-51f0-a0cf-09e50556efa7,SAL0041,ed80dd70-9e01-5974-b4ed-f21a7923cb21,2026-01,2026-01-14T13:20:00+07:00,11,56.99,USD,626.89,Workshop
528aa270-be08-55a6-98e0-eedfd484f474,SAL0042,ed80dd70-9e01-5974-b4ed-f21a7923cb21,2026-06,2026-06-17T13:31:00+07:00,5,56.99,USD,284.95,Online
25052fab-c2d7-5eeb-9f50-1454bd65982e,SAL0043,a6728b5d-22c9-5abd-ad3b-cfabcf7e84a3,2026-02,2026-02-15T14:27:00+07:00,3,59.34,USD,178.02,Online
1fa328ce-9928-5c48-a4cf-152e226088cf,SAL0044,a6728b5d-22c9-5abd-ad3b-cfabcf7e84a3,2026-07,2026-07-18T14:38:00+07:00,10,59.34,USD,593.40,Store
6dea0549-cedb-538b-a2be-8a09c38f263e,SAL0045,5ed4e3fb-93d2-50e3-97f1-fe1d802aadde,2026-03,2026-03-16T15:34:00+07:00,8,61.69,USD,493.52,Store
4801271f-1189-5012-b15e-5c7f8128e430,SAL0046,5ed4e3fb-93d2-50e3-97f1-fe1d802aadde,2026-08,2026-08-19T15:45:00+07:00,2,61.69,USD,123.38,Workshop
f8a70d0e-3828-5484-885d-6f5530a26286,SAL0047,2654675e-2591-5485-81d2-462716402e2f,2026-04,2026-04-17T16:41:00+07:00,13,64.04,USD,832.52,Workshop
fb687ecf-b1d5-5954-8270-f880b2e85530,SAL0048,2654675e-2591-5485-81d2-462716402e2f,2026-09,2026-09-20T16:52:00+07:00,7,64.04,USD,448.28,Online
92025185-4d85-5719-b319-92b6973dae8c,SAL0049,9149bc80-9e3d-5213-bf05-fe6cd922165a,2026-05,2026-05-06T09:48:00+07:00,5,66.39,USD,331.95,Online
3256aac5-6df8-5df2-935d-0ddc31c6432a,SAL0050,9149bc80-9e3d-5213-bf05-fe6cd922165a,2026-10,2026-10-21T09:59:00+07:00,12,66.39,USD,796.68,Store
99d5e886-9ddd-5659-979d-21b20c5a76d9,SAL0051,3a904409-3946-589e-9710-bdb867ec90f6,2026-06,2026-06-07T10:55:00+07:00,10,10.74,USD,107.40,Store
db93385c-71c1-58a3-a22d-1b33833db15c,SAL0052,3a904409-3946-589e-9710-bdb867ec90f6,2026-01,2026-01-22T10:06:00+07:00,4,10.74,USD,42.96,Workshop
adcc5044-c17a-517c-a9b0-1511584edcd6,SAL0053,ee812ea9-be52-5879-866e-a7ac2e0502b9,2026-07,2026-07-08T11:02:00+07:00,2,13.09,USD,26.18,Workshop
d3ff3148-434b-5b26-a2a1-52bacc03bf1a,SAL0054,ee812ea9-be52-5879-866e-a7ac2e0502b9,2026-02,2026-02-23T11:13:00+07:00,9,13.09,USD,117.81,Online
8fc34f11-101e-5fbc-92de-315bb30173f7,SAL0055,eeee66ba-14ce-5157-9543-ed4b8d25e734,2026-08,2026-08-09T12:09:00+07:00,7,15.44,USD,108.08,Online
0d20403f-a644-5cab-9baf-e87ccd1d7267,SAL0056,eeee66ba-14ce-5157-9543-ed4b8d25e734,2026-03,2026-03-24T12:20:00+07:00,14,15.44,USD,216.16,Store
00528967-fd18-5ad4-aa43-6a6b597e1118,SAL0057,c0651b68-ac90-5634-8160-21fd343f90b1,2026-09,2026-09-10T13:16:00+07:00,12,17.79,USD,213.48,Store
a82a15a7-4871-544f-82d7-d819bd7525a4,SAL0058,c0651b68-ac90-5634-8160-21fd343f90b1,2026-04,2026-04-25T13:27:00+07:00,6,17.79,USD,106.74,Workshop
0b5844df-b04f-5f36-b566-070762178441,SAL0059,4cd4842a-0a82-5897-8186-39d34b38586b,2026-10,2026-10-11T14:23:00+07:00,4,20.14,USD,80.56,Workshop
e5090377-5be0-53dc-8bcb-58a1119985af,SAL0060,4cd4842a-0a82-5897-8186-39d34b38586b,2026-05,2026-05-26T14:34:00+07:00,11,20.14,USD,221.54,Online
4ab11618-f8a8-5cd5-877f-29297802b2c3,SAL0061,5bf88db4-0719-504b-8f01-746d4c2c5123,2026-01,2026-01-12T15:30:00+07:00,9,22.49,USD,202.41,Online
5aef8cef-e841-5967-8403-23f2c594ec5c,SAL0062,5bf88db4-0719-504b-8f01-746d4c2c5123,2026-06,2026-06-17T15:41:00+07:00,3,22.49,USD,67.47,Store
697c8b9f-e076-54b1-bdcd-ade3bdbc08a7,SAL0063,dd8a7027-e492-52de-92fd-8230a4f4c7c4,2026-02,2026-02-13T16:37:00+07:00,14,24.84,USD,347.76,Store
f1fc5c6a-d9a4-5d7b-a33f-f46acbfa39db,SAL0064,dd8a7027-e492-52de-92fd-8230a4f4c7c4,2026-07,2026-07-18T16:48:00+07:00,8,24.84,USD,198.72,Workshop
fcf9d73e-8360-534a-a953-54da9a27a48c,SAL0065,6f8d38af-9d3d-5a48-9b16-142dfed842bc,2026-03,2026-03-14T09:44:00+07:00,6,27.19,USD,163.14,Workshop
f5aa17de-e2ff-5ce0-82fc-5b90024da8ce,SAL0066,6f8d38af-9d3d-5a48-9b16-142dfed842bc,2026-08,2026-08-19T09:55:00+07:00,13,27.19,USD,353.47,Online
cbb82ffe-827b-5db1-adc2-0c1836f2bfd8,SAL0067,40ac1c32-7c48-541b-92b8-f0f24d0755a3,2026-04,2026-04-15T10:51:00+07:00,11,29.54,USD,324.94,Online
93b13596-1cdc-5dc4-8be0-000226c5a50e,SAL0068,40ac1c32-7c48-541b-92b8-f0f24d0755a3,2026-09,2026-09-20T10:02:00+07:00,5,29.54,USD,147.70,Store
c6b9bcc7-2649-533b-bebf-7e44ea61a631,SAL0069,7d35b77e-4444-5296-a951-8afc239cb4be,2026-05,2026-05-16T11:58:00+07:00,3,31.89,USD,95.67,Store
fe6861a1-0595-5092-a9cf-1a792f3c1a47,SAL0070,7d35b77e-4444-5296-a951-8afc239cb4be,2026-10,2026-10-21T11:09:00+07:00,10,31.89,USD,318.90,Workshop
72d7627b-bb30-5f1e-a5e7-fb4054845a86,SAL0071,597b5219-d8fb-5169-aa52-a40cb33efe91,2026-06,2026-06-17T12:05:00+07:00,8,34.24,USD,273.92,Workshop
4f82a824-ad71-5f8c-833d-73f0c875c9b0,SAL0072,597b5219-d8fb-5169-aa52-a40cb33efe91,2026-01,2026-01-22T12:16:00+07:00,2,34.24,USD,68.48,Online
3aab772e-fcb0-56b1-81c2-ad7119798bd3,SAL0073,a697ab71-b593-53ad-999c-d579ea43d3b5,2026-07,2026-07-06T13:12:00+07:00,13,36.59,USD,475.67,Online
d53ab190-d558-5df0-a6b7-909faaaf6243,SAL0074,a697ab71-b593-53ad-999c-d579ea43d3b5,2026-02,2026-02-23T13:23:00+07:00,7,36.59,USD,256.13,Store
ec8f3842-5549-57ae-9533-77d6878c4d5e,SAL0075,3074f892-1433-5b09-b383-4520b20a720c,2026-08,2026-08-07T14:19:00+07:00,5,38.94,USD,194.70,Store
04baba55-6a28-57c7-8c7f-3d8177f7abda,SAL0076,3074f892-1433-5b09-b383-4520b20a720c,2026-03,2026-03-24T14:30:00+07:00,12,38.94,USD,467.28,Workshop
8e9ee9c5-aee5-5a3e-a732-258538c7f6a8,SAL0077,ecd5fb99-4e96-5c34-bb2b-e6201f49ebd2,2026-09,2026-09-08T15:26:00+07:00,10,41.29,USD,412.90,Workshop
7fb4f2fa-7746-5daa-a83d-b7223dc5e562,SAL0078,ecd5fb99-4e96-5c34-bb2b-e6201f49ebd2,2026-04,2026-04-25T15:37:00+07:00,4,41.29,USD,165.16,Online
31983616-a67e-59dc-bf71-d8a48e3eae53,SAL0079,27b50a36-8344-58f9-abbc-cfbe91c1fb50,2026-10,2026-10-09T16:33:00+07:00,2,43.64,USD,87.28,Online
e8ad68c4-f772-5082-916c-519fb1328290,SAL0080,27b50a36-8344-58f9-abbc-cfbe91c1fb50,2026-05,2026-05-26T16:44:00+07:00,9,43.64,USD,392.76,Store
0b045013-745e-5400-92eb-3c48cee24a2c,SAL0081,4ced0f17-8fc1-5b29-834f-9bba6bc90386,2026-01,2026-01-10T09:40:00+07:00,7,45.99,USD,321.93,Store
f747a603-8cc9-5473-9455-8c8854c6e756,SAL0082,4ced0f17-8fc1-5b29-834f-9bba6bc90386,2026-06,2026-06-17T09:51:00+07:00,14,45.99,USD,643.86,Workshop
60d6e0b0-f916-5b29-aa35-bcf30a8af7e0,SAL0083,bce8902e-c7c5-5449-9be0-3611745a4df5,2026-02,2026-02-11T10:47:00+07:00,12,48.34,USD,580.08,Workshop
fbc84c36-456a-5966-aacf-34a32eeac2ad,SAL0084,bce8902e-c7c5-5449-9be0-3611745a4df5,2026-07,2026-07-18T10:58:00+07:00,6,48.34,USD,290.04,Online
c69ae9ed-4732-589b-9cf8-e09e3e804993,SAL0085,098c62de-85f1-555d-b773-296e19c58519,2026-03,2026-03-12T11:54:00+07:00,4,50.69,USD,202.76,Online
82ab77cc-8772-5df1-a470-173e468f1af6,SAL0086,098c62de-85f1-555d-b773-296e19c58519,2026-08,2026-08-19T11:05:00+07:00,11,50.69,USD,557.59,Store
2a249f65-1577-5c45-becb-83dc05f295ea,SAL0087,5743cbd7-8938-5090-a002-ef6ac36e6a77,2026-04,2026-04-13T12:01:00+07:00,9,53.04,USD,477.36,Store
b5b7565d-098b-5ebc-8980-b5610dba8dac,SAL0088,5743cbd7-8938-5090-a002-ef6ac36e6a77,2026-09,2026-09-20T12:12:00+07:00,3,53.04,USD,159.12,Workshop
6abac03d-a501-5119-8c43-d12777da3d81,SAL0089,68595beb-afd3-577d-af2f-f33e0cd6671b,2026-05,2026-05-14T13:08:00+07:00,14,55.39,USD,775.46,Workshop
958cc080-57ac-5cc3-95e1-17998dd6f216,SAL0090,68595beb-afd3-577d-af2f-f33e0cd6671b,2026-10,2026-10-21T13:19:00+07:00,8,55.39,USD,443.12,Online
d8d9190f-9194-5d7a-bd02-5040863dc867,SAL0091,f19a94e4-aadf-50d6-b030-5f5aa658de63,2026-06,2026-06-15T14:15:00+07:00,6,57.74,USD,346.44,Online
e77ae539-9944-5f52-b759-5a396ca1b61c,SAL0092,f19a94e4-aadf-50d6-b030-5f5aa658de63,2026-01,2026-01-22T14:26:00+07:00,13,57.74,USD,750.62,Store
0595ca39-2413-52b7-bbd5-e7f11068455d,SAL0093,881616ac-1199-50a2-b7a8-c58afcc94bb9,2026-07,2026-07-16T15:22:00+07:00,11,60.09,USD,660.99,Store
36283921-9801-588b-a8c6-edc875b86568,SAL0094,881616ac-1199-50a2-b7a8-c58afcc94bb9,2026-02,2026-02-23T15:33:00+07:00,5,60.09,USD,300.45,Workshop
11e128c8-2bb8-555b-b449-2110ac2e65e3,SAL0095,d50c0ec7-c4e3-5563-8c9b-69308aa3a0e7,2026-08,2026-08-17T16:29:00+07:00,3,62.44,USD,187.32,Workshop
a6ff229b-fbe0-5042-88fd-8f1789a6650e,SAL0096,d50c0ec7-c4e3-5563-8c9b-69308aa3a0e7,2026-03,2026-03-24T16:40:00+07:00,10,62.44,USD,624.40,Online
