ID,movementId,book_ID,movementType,quantity,occurredAt,referenceId
7bb44c6e-6067-5d84-9c66-dc333136bdc4,MOV0001,33ae0524-fd80-5f02-aeaa-643980d90460,Sale,-2,2026-01-02T08:00:00+07:00,SO-2601-001
d312baa4-d69e-5cfe-989c-a99e35a1264a,MOV0002,dad139a9-e096-583b-9b3d-200fd135baa5,Receipt,14,2026-01-05T09:13:00+07:00,GR-2601-002
cd1d6d59-8307-5732-a026-fef7a0f741a6,MOV0003,d9ecc9c8-f945-5059-a8d5-11431c394cb9,Sale,-2,2026-01-08T10:26:00+07:00,SO-2601-003
481348ab-faf8-563b-a52f-8b2f6b868acf,MOV0004,5ed4e3fb-93d2-50e3-97f1-fe1d802aadde,Return,1,2026-01-11T11:39:00+07:00,ADJ-2601-004
7622b068-9053-5a27-9838-18f625f09f80,MOV0005,4cd4842a-0a82-5897-8186-39d34b38586b,Adjustment,2,2026-01-14T12:52:00+07:00,ADJ-2601-005
a4ac6b3b-ac8b-54d8-a7ed-bea0432bc58e,MOV0006,a697ab71-b593-53ad-999c-d579ea43d3b5,Sale,-5,2026-01-17T13:05:00+07:00,SO-2601-006
b13720ab-fb0a-5d51-8a1d-b4472a3cc3c8,MOV0007,5743cbd7-8938-5090-a002-ef6ac36e6a77,Receipt,15,2026-01-20T14:18:00+07:00,GR-2601-007
af8994c7-576c-53d3-892f-506af7b0897a,MOV0008,4420e743-7170-5427-a843-482d3893cc03,Sale,-5,2026-01-23T15:31:00+07:00,SO-2601-008
d0814378-16a9-5165-b2cc-da4bcc089d2f,MOV0009,662bd09d-481e-5c7b-994a-9de161f66f4e,Return,3,2026-01-26T16:44:00+07:00,ADJ-2601-009
0eaa249e-2fce-5494-9a14-38d939261bb1,MOV0010,4f77c722-8db6-5225-b7fb-9041aca2b380,Adjustment,-1,2026-01-02T17:57:00+07:00,ADJ-2601-010
35bfc372-0d51-500a-9684-c58d5536ce30,MOV0011,2654675e-2591-5485-81d2-462716402e2f,Sale,-2,2026-01-05T18:10:00+07:00,SO-2601-011
d93103bf-889d-5f8a-9ad1-735cc4a7cf15,MOV0012,5bf88db4-0719-504b-8f01-746d4c2c5123,Receipt,16,2026-01-08T08:23:00+07:00,GR-2601-012
9ce9c224-caa4-51b1-a402-bbc57c45b8f3,MOV0013,3074f892-1433-5b09-b383-4520b20a720c,Sale,-2,2026-01-11T09:36:00+07:00,SO-2601-013
8842adc5-5ac3-5f28-8945-b178b01a28ff,MOV0014,68595beb-afd3-577d-af2f-f33e0cd6671b,Return,2,2026-01-14T10:49:00+07:00,ADJ-2601-014
b64f9423-2071-5889-8952-3c3ab6c88062,MOV0015,b68be64d-5218-5788-a5fe-b3e05e66829f,Adjustment,2,2026-01-17T11:02:00+07:00,ADJ-2601-015
4d0389dd-f194-5b69-a754-78e8d5cc4a4a,MOV0016,52da7c0f-a130-59a8-8a83-c39fafe889bb,Sale,-5,2026-01-20T12:15:00+07:00,SO-2601-016
105e8a49-2a37-5099-a80c-1a45589df52f,MOV0017,e73966ab-1d84-56c1-a96e-f8b592e06e64,Receipt,17,2026-01-23T13:28:00+07:00,GR-2601-017
3e2ccfdd-3bf1-58d7-bbff-727851574cc4,MOV0018,9149bc80-9e3d-5213-bf05-fe6cd922165a,Sale,-5,2026-01-26T14:41:00+07:00,SO-2601-018
10f1ab59-c5c9-5fca-8946-4a388c909e12,MOV0019,dd8a7027-e492-52de-92fd-8230a4f4c7c4,Return,1,2026-01-02T15:54:00+07:00,ADJ-2601-019
30b06e09-5c26-5e15-b44e-e8e3dc04d19f,MOV0020,ecd5fb99-4e96-5c34-bb2b-e6201f49ebd2,Adjustment,-1,2026-01-05T16:07:00+07:00,ADJ-2601-020
e2362bf6-e24d-5629-b7a1-8e6cf3258257,MOV0021,f19a94e4-aadf-50d6-b030-5f5aa658de63,Sale,-2,2026-01-08T17:20:00+07:00,SO-2601-021
7ca9537d-dfdd-5405-9105-f1db97469c48,MOV0022,5d21f628-8765-55cd-a87b-bb24ed505a30,Receipt,18,2026-01-11T18:33:00+07:00,GR-2601-022
92778044-2c1d-5b13-978d-daf1fff1e9c8,MOV0023,f0fdb0de-8afc-5f05-b5f8-c38203b8965f,Sale,-2,2026-01-14T08:46:00+07:00,SO-2601-023
8c7ede54-2c09-5f44-8636-2a3367711124,MOV0024,c5bbc21c-8a87-5402-b26a-7b264efb5148,Return,3,2026-01-17T09:59:00+07:00,ADJ-2601-024
6fcd8b91-ce45-53c7-b8e0-f95b96ad6fe9,MOV0025,3a904409-3946-589e-9710-bdb867ec90f6,Adjustment,2,2026-01-20T10:12:00+07:00,ADJ-2601-025
de84a2bb-db81-53cd-91a6-99373edc5dd6,MOV0026,6f8d38af-9d3d-5a48-9b16-142dfed842bc,Sale,-5,2026-01-23T11:25:00+07:00,SO-2601-026
0cabb1cf-09bd-5db2-a5d4-1f550ff6aae2,MOV0027,27b50a36-8344-58f9-abbc-cfbe91c1fb50,Receipt,19,2026-01-26T12:38:00+07:00,GR-2601-027
e5603dff-4ffa-5340-8a72-4835cffd83bb,MOV0028,881616ac-1199-50a2-b7a8-c58afcc94bb9,Sale,-5,2026-01-02T13:51:00+07:00,SO-2601-028
24f8c2d1-e0ed-5a3b-8b2e-b3b3622b8a1b,MOV0029,6082ff32-0c2a-5998-a274-9d2e7839f3c7,Return,2,2026-01-05T14:04:00+07:00,ADJ-2601-029
dfb40c19-7a87-51c1-8ff5-bd5f82f35be4,MOV0030,41b74bd0-fb55-58c6-bb82-3660adea882d,Adjustment,-1,2026-01-08T15:17:00+07:00,ADJ-2601-030
8123dd5b-672c-5a5e-a261-b1a88bc37989,MOV0031,53424a68-b787-5ed5-b9ca-17b8acb36cee,Sale,-2,2026-01-11T16:30:00+07:00,SO-2601-031
a98d051f-0c25-508c-8ad1-82ad5707d9fa,MOV0032,ee812ea9-be52-5879-866e-a7ac2e0502b9,Receipt,20,2026-01-14T17:43:00+07:00,GR-2601-032
4475d026-0243-5df8-9cc7-031306392520,MOV0033,7d35b77e-4444-5296-a951-8afc239cb4be,Sale,-3,2026-02-03T08:00:00+07:00,SO-2602-001
82a5d561-f394-5588-b344-b03b87484444,MOV0034,bce8902e-c7c5-5449-9be0-3611745a4df5,Receipt,15,2026-02-06T09:13:00+07:00,GR-2602-002
6d0811a2-0b48-5618-8258-da53077a8197,MOV0035,a76568d4-389b-5ab7-98da-521b81477f91,Sale,-3,2026-02-09T10:26:00+07:00,SO-2602-003
66c0f900-5c3f-52eb-81ed-f045fff1fa0c,MOV0036,53b81276-1fb0-5741-bb4e-099ad1653c52,Return,1,2026-02-12T11:39:00+07:00,ADJ-2602-004
50fba065-87c7-5f78-9eaa-4bfd1d5ffbe6,MOV0037,7e4fc915-892e-5b57-97ae-28f2088c2024,Adjustment,2,2026-02-15T12:52:00+07:00,ADJ-2602-005
15f9003d-d8f6-5a61-86db-85226625b49d,MOV0038,a6728b5d-22c9-5abd-ad3b-cfabcf7e84a3,Sale,-6,2026-02-18T13:05:00+07:00,SO-2602-006
39841ebb-b087-5026-b6d3-70840191f53e,MOV0039,c0651b68-ac90-5634-8160-21fd343f90b1,Receipt,16,2026-02-21T14:18:00+07:00,GR-2602-007
8ddb7daa-7574-5bcb-9d24-d2e477af5917,MOV0040,597b5219-d8fb-5169-aa52-a40cb33efe91,Sale,-6,2026-02-24T15:31:00+07:00,SO-2602-008
3f3f9d9d-1146-5afe-9e0b-e120fbfd7a5f,MOV0041,098c62de-85f1-555d-b773-296e19c58519,Return,3,2026-02-27T16:44:00+07:00,ADJ-2602-009
eec9b741-ef15-5a0e-876e-6dc115fa1355,MOV0042,33ae0524-fd80-5f02-aeaa-643980d90460,Adjustment,-1,2026-02-03T17:57:00+07:00,ADJ-2602-010
49b8ee3d-6d08-5119-a738-d9bc70fe26a0,MOV0043,dad139a9-e096-583b-9b3d-200fd135baa5,Sale,-3,2026-02-06T18:10:00+07:00,SO-2602-011
46e3cac6-549b-5b02-945b-ffc6dd73925a,MOV0044,d9ecc9c8-f945-5059-a8d5-11431c394cb9,Receipt,17,2026-02-09T08:23:00+07:00,GR-2602-012
f5e162da-f5ac-5444-8e6a-82523f68b045,MOV0045,5ed4e3fb-93d2-50e3-97f1-fe1d802aadde,Sale,-3,2026-02-12T09:36:00+07:00,SO-2602-013
6b78beae-f949-56f6-a6f7-68f6bb6c11d4,MOV0046,4cd4842a-0a82-5897-8186-39d34b38586b,Return,2,2026-02-15T10:49:00+07:00,ADJ-2602-014
24364d02-efca-5adb-b792-c9d10bafa88d,MOV0047,a697ab71-b593-53ad-999c-d579ea43d3b5,Adjustment,2,2026-02-18T11:02:00+07:00,ADJ-2602-015
858304d1-d469-556f-af59-140f126ac087,MOV0048,5743cbd7-8938-5090-a002-ef6ac36e6a77,Sale,-6,2026-02-21T12:15:00+07:00,SO-2602-016
71388899-f6b0-5213-ba10-3f36e06eaebc,MOV0049,4420e743-7170-5427-a843-482d3893cc03,Receipt,18,2026-02-24T13:28:00+07:00,GR-2602-017
39c7e3a7-a0e6-5299-82fa-95bc7a44f8e9,MOV0050,662bd09d-481e-5c7b-994a-9de161f66f4e,Sale,-6,2026-02-27T14:41:00+07:00,SO-2602-018
b7fd8e5b-7f87-58b6-be61-d4774997a882,MOV0051,4f77c722-8db6-5225-b7fb-9041aca2b380,Return,1,2026-02-03T15:54:00+07:00,ADJ-2602-019
9a0549f6-fa5e-570d-b214-af6dd293493f,MOV0052,2654675e-2591-5485-81d2-462716402e2f,Adjustment,-1,2026-02-06T16:07:00+07:00,ADJ-2602-020
4da39e2b-d2ee-5549-8192-f2db2b15e267,MOV0053,5bf88db4-0719-504b-8f01-746d4c2c5123,Sale,-3,2026-02-09T17:20:00+07:00,SO-2602-021
b46a0a4d-1269-5368-bcb2-84b826e075c4,MOV0054,3074f892-1433-5b09-b383-4520b20a720c,Receipt,19,2026-02-12T18:33:00+07:00,GR-2602-022
c3ff74de-860e-5da6-a053-16c889bfd91e,MOV0055,68595beb-afd3-577d-af2f-f33e0cd6671b,Sale,-3,2026-02-15T08:46:00+07:00,SO-2602-023
2adfa799-5962-5815-bd50-16cfcc8e5178,MOV0056,b68be64d-5218-5788-a5fe-b3e05e66829f,Return,3,2026-02-18T09:59:00+07:00,ADJ-2602-024
ce886dc3-b132-5c3f-9be3-ef507cbcb7e8,MOV0057,52da7c0f-a130-59a8-8a83-c39fafe889bb,Adjustment,2,2026-02-21T10:12:00+07:00,ADJ-2602-025
368da87d-7413-5954-97e0-251c2b0a3bba,MOV0058,e73966ab-1d84-56c1-a96e-f8b592e06e64,Sale,-6,2026-02-24T11:25:00+07:00,SO-2602-026
eb12fe24-8eba-5abd-8f1e-d345d3fcc88f,MOV0059,9149bc80-9e3d-5213-bf05-fe6cd922165a,Receipt,20,2026-02-27T12:38:00+07:00,GR-2602-027
86561ae1-8194-5e88-a4a3-011e61641b3f,MOV0060,dd8a7027-e492-52de-92fd-8230a4f4c7c4,Sale,-6,2026-02-03T13:51:00+07:00,SO-2602-028
28e6be8a-0e74-5fa2-a817-73f6b801d0cb,MOV0061,ecd5fb99-4e96-5c34-bb2b-e6201f49ebd2,Return,2,2026-02-06T14:04:00+07:00,ADJ-2602-029
9dc46381-88ca-5ac4-9b3d-24f93bb05fbc,MOV0062,f19a94e4-aadf-50d6-b030-5f5aa658de63,Adjustment,-1,2026-02-09T15:17:00+07:00,ADJ-2602-030
479eec8f-ae6f-518d-93ae-e3f06bf67ea1,MOV0063,5d21f628-8765-55cd-a87b-bb24ed505a30,Sale,-3,2026-02-12T16:30:00+07:00,SO-2602-031
60a00a35-130a-5cfd-9dce-aac680c2f937,MOV0064,f0fdb0de-8afc-5f05-b5f8-c38203b8965f,Receipt,21,2026-02-15T17:43:00+07:00,GR-2602-032
28af4cd7-491a-5709-83bf-3a888ab9a3a1,MOV0065,53424a68-b787-5ed5-b9ca-17b8acb36cee,Sale,-4,2026-03-04T08:00:00+07:00,SO-2603-001
66abef39-a14e-5972-b4da-6e1258f81b8f,MOV0066,ee812ea9-be52-5879-866e-a7ac2e0502b9,Receipt,16,2026-03-07T09:13:00+07:00,GR-2603-002
0ddfaf30-77e9-585c-a8a1-e0a2ff220a38,MOV0067,40ac1c32-7c48-541b-92b8-f0f24d0755a3,Sale,-4,2026-03-10T10:26:00+07:00,SO-2603-003
f2a6e776-9933-5a15-9247-b7f33f2c6c57,MOV0068,4ced0f17-8fc1-5b29-834f-9bba6bc90386,Return,1,2026-03-13T11:39:00+07:00,ADJ-2603-004
4eaa6f28-747f-587d-bc3f-31f94051fb3d,MOV0069,d50c0ec7-c4e3-5563-8c9b-69308aa3a0e7,Adjustment,2,2026-03-16T12:52:00+07:00,ADJ-2603-005
ef395a6f-de5d-5372-a019-52791d21e73a,MOV0070,99d1f116-2a3e-57ba-a443-796c53683495,Sale,-1,2026-03-19T13:05:00+07:00,SO-2603-006
2052fc33-eba9-5fc9-b9b6-f389af9f16a3,MOV0071,d092f1c0-c824-5380-b033-5b6bc3a58ee6,Receipt,17,2026-03-22T14:18:00+07:00,GR-2603-007
8ebbd6f3-b627-538d-aabd-8b2231ca1863,MOV0072,ed80dd70-9e01-5974-b4ed-f21a7923cb21,Sale,-1,2026-03-25T15:31:00+07:00,SO-2603-008
51de7996-3ba4-5265-b0e3-fa64613c3bf5,MOV0073,eeee66ba-14ce-5157-9543-ed4b8d25e734,Return,3,2026-03-01T16:44:00+07:00,ADJ-2603-009
c19a0ebb-49d2-5cf6-aaf4-4878581d7905,MOV0074,7d35b77e-4444-5296-a951-8afc239cb4be,Adjustment,-1,2026-03-04T17:57:00+07:00,ADJ-2603-010
c0ad4465-ff78-5661-888d-07f30043816f,MOV0075,bce8902e-c7c5-5449-9be0-3611745a4df5,Sale,-4,2026-03-07T18:10:00+07:00,SO-2603-011
4f654cf2-b468-5140-9636-8ad9c218de46,MOV0076,a76568d4-389b-5ab7-98da-521b81477f91,Receipt,18,2026-03-10T08:23:00+07:00,GR-2603-012
0d2e47a9-e94e-51cf-9072-dd4051d90df7,MOV0077,53b81276-1fb0-5741-bb4e-099ad1653c52,Sale,-4,2026-03-13T09:36:00+07:00,SO-2603-013
0743519f-6693-55d8-a4d8-711002cbc1a1,MOV0078,7e4fc915-892e-5b57-97ae-28f2088c2024,Return,2,2026-03-16T10:49:00+07:00,ADJ-2603-014
99de679c-fce1-568b-98c3-159a6dd1e803,MOV0079,a6728b5d-22c9-5abd-ad3b-cfabcf7e84a3,Adjustment,2,2026-03-19T11:02:00+07:00,ADJ-2603-015
dd210527-2ccb-526e-9f36-76c3a91adfaf,MOV0080,c0651b68-ac90-5634-8160-21fd343f90b1,Sale,-1,2026-03-22T12:15:00+07:00,SO-2603-016
14b5435d-65e3-508e-ad3a-4b7becfceac6,MOV0081,597b5219-d8fb-5169-aa52-a40cb33efe91,Receipt,19,2026-03-25T13:28:00+07:00,GR-2603-017
6bd71afa-e6be-5a60-8633-8bce89a030eb,MOV0082,098c62de-85f1-555d-b773-296e19c58519,Sale,-1,2026-03-01T14:41:00+07:00,SO-2603-018
8351f73e-ba7a-585c-abb1-b0b142ae3561,MOV0083,33ae0524-fd80-5f02-aeaa-643980d90460,Return,1,2026-03-04T15:54:00+07:00,ADJ-2603-019
26a4ebcb-fac4-52ae-995e-91a0d9071cca,MOV0084,dad139a9-e096-583b-9b3d-200fd135baa5,Adjustment,-1,2026-03-07T16:07:00+07:00,ADJ-2603-020
4203f049-5306-5d4a-b60e-91838311f32c,MOV0085,d9ecc9c8-f945-5059-a8d5-11431c394cb9,Sale,-4,2026-03-10T17:20:00+07:00,SO-2603-021
f062f077-c7f5-5902-b2b6-d7943f7f0864,MOV0086,5ed4e3fb-93d2-50e3-97f1-fe1d802aadde,Receipt,20,2026-03-13T18:33:00+07:00,GR-2603-022
cb1a5da6-06c8-52cd-a297-d86f8706adbb,MOV0087,4cd4842a-0a82-5897-8186-39d34b38586b,Sale,-4,2026-03-16T08:46:00+07:00,SO-2603-023
9232268e-2a2f-58fc-a626-7a0e3adafae0,MOV0088,a697ab71-b593-53ad-999c-d579ea43d3b5,Return,3,2026-03-19T09:59:00+07:00,ADJ-2603-024
03fe4b56-c176-5108-aefe-912557dfbaff,MOV0089,5743cbd7-8938-5090-a002-ef6ac36e6a77,Adjustment,2,2026-03-22T10:12:00+07:00,ADJ-2603-025
47d7f285-0bc5-515c-b9a3-82d4dcd2d4d1,MOV0090,4420e743-7170-5427-a843-482d3893cc03,Sale,-1,2026-03-25T11:25:00+07:00,SO-2603-026
0699b27e-ba39-5e01-8c9e-d1d85529ab23,MOV0091,662bd09d-481e-5c7b-994a-9de161f66f4e,Receipt,21,2026-03-01T12:38:00+07:00,GR-2603-027
820bf576-0abd-5873-8b24-d748fe209d48,MOV0092,4f77c722-8db6-5225-b7fb-9041aca2b380,Sale,-1,2026-03-04T13:51:00+07:00,SO-2603-028
c787f0b3-2ce5-57eb-8854-a480a2648c8a,MOV0093,2654675e-2591-5485-81d2-462716402e2f,Return,2,2026-03-07T14:04:00+07:00,ADJ-2603-029
a20c8267-3127-53ca-b06a-ed2c990a266c,MOV0094,5bf88db4-0719-504b-8f01-746d4c2c5123,Adjustment,-1,2026-03-10T15:17:00+07:00,ADJ-2603-030
5d055626-c96c-5ff1-b40a-c45f5da7f7ba,MOV0095,3074f892-1433-5b09-b383-4520b20a720c,Sale,-4,2026-03-13T16:30:00+07:00,SO-2603-031
36b5bba5-5be2-57c8-a38b-1da6408f46e5,MOV0096,68595beb-afd3-577d-af2f-f33e0cd6671b,Receipt,22,2026-03-16T17:43:00+07:00,GR-2603-032
aa7c452b-0600-5f39-9c00-b357c59f3338,MOV0097,5d21f628-8765-55cd-a87b-bb24ed505a30,Sale,-5,2026-04-05T08:00:00+07:00,SO-2604-001
a21efb29-f18a-59d1-bfa6-a76950c650ba,MOV0098,f0fdb0de-8afc-5f05-b5f8-c38203b8965f,Receipt,17,2026-04-08T09:13:00+07:00,GR-2604-002
d8fdff02-35fc-5fca-b839-91ea8551092d,MOV0099,c5bbc21c-8a87-5402-b26a-7b264efb5148,Sale,-5,2026-04-11T10:26:00+07:00,SO-2604-003
aeeedccd-17e4-5bb4-8b4e-43a2ecd2f4c4,MOV0100,3a904409-3946-589e-9710-bdb867ec90f6,Return,1,2026-04-14T11:39:00+07:00,ADJ-2604-004
654bc6cf-cfbe-5073-9f20-f665043b860f,MOV0101,6f8d38af-9d3d-5a48-9b16-142dfed842bc,Adjustment,2,2026-04-17T12:52:00+07:00,ADJ-2604-005
41df2cca-520e-5646-be0c-69d349168ed5,MOV0102,27b50a36-8344-58f9-abbc-cfbe91c1fb50,Sale,-2,2026-04-20T13:05:00+07:00,SO-2604-006
ec8f38db-d16f-5b1e-ad15-024e8007ee1a,MOV0103,881616ac-1199-50a2-b7a8-c58afcc94bb9,Receipt,18,2026-04-23T14:18:00+07:00,GR-2604-007
561bcb1c-754a-59c5-af6c-43d778519108,MOV0104,6082ff32-0c2a-5998-a274-9d2e7839f3c7,Sale,-2,2026-04-26T15:31:00+07:00,SO-2604-008
0e1d2421-6809-5985-a9ce-5c5667c0b7cb,MOV0105,41b74bd0-fb55-58c6-bb82-3660adea882d,Return,3,2026-04-02T16:44:00+07:00,ADJ-2604-009
6a20a397-3edf-58b0-a715-bbf68e99d7e2,MOV0106,53424a68-b787-5ed5-b9ca-17b8acb36cee,Adjustment,-1,2026-04-05T17:57:00+07:00,ADJ-2604-010
63f23ae6-25b9-549e-91b2-d163fec9867b,MOV0107,ee812ea9-be52-5879-866e-a7ac2e0502b9,Sale,-5,2026-04-08T18:10:00+07:00,SO-2604-011
368ee8a3-35ea-5c45-b14d-46c43865da01,MOV0108,40ac1c32-7c48-541b-92b8-f0f24d0755a3,Receipt,19,2026-04-11T08:23:00+07:00,GR-2604-012
84f4f50f-adba-5054-a3b4-1979a7c45961,MOV0109,4ced0f17-8fc1-5b29-834f-9bba6bc90386,Sale,-5,2026-04-14T09:36:00+07:00,SO-2604-013
90540c2d-ca57-51e7-aa58-b6ebf2569148,MOV0110,d50c0ec7-c4e3-5563-8c9b-69308aa3a0e7,Return,2,2026-04-17T10:49:00+07:00,ADJ-2604-014
19bb0a9f-7c0e-5cc3-97f2-2a8ae3785f44,MOV0111,99d1f116-2a3e-57ba-a443-796c53683495,Adjustment,2,2026-04-20T11:02:00+07:00,ADJ-2604-015
d535f725-1d16-5b90-8425-01332f9dfc1d,MOV0112,d092f1c0-c824-5380-b033-5b6bc3a58ee6,Sale,-2,2026-04-23T12:15:00+07:00,SO-2604-016
375036f5-e7e3-504c-a036-fba1d185a46c,MOV0113,ed80dd70-9e01-5974-b4ed-f21a7923cb21,Receipt,20,2026-04-26T13:28:00+07:00,GR-2604-017
5c00f292-6a1e-5536-b2eb-e361abe50472,MOV0114,eeee66ba-14ce-5157-9543-ed4b8d25e734,Sale,-2,2026-04-02T14:41:00+07:00,SO-2604-018
1bb2f6a3-b403-520c-bced-84531e5e09e1,MOV0115,7d35b77e-4444-5296-a951-8afc239cb4be,Return,1,2026-04-05T15:54:00+07:00,ADJ-2604-019
fea275bb-0f07-55fd-9e80-14aa87fbf618,MOV0116,bce8902e-c7c5-5449-9be0-3611745a4df5,Adjustment,-1,2026-04-08T16:07:00+07:00,ADJ-2604-020
fc85745d-f58a-590d-b0c8-25670ae7e661,MOV0117,a76568d4-389b-5ab7-98da-521b81477f91,Sale,-5,2026-04-11T17:20:00+07:00,SO-2604-021
fe175f2b-b373-53ba-9385-db5f314bd821,MOV0118,53b81276-1fb0-5741-bb4e-099ad1653c52,Receipt,21,2026-04-14T18:33:00+07:00,GR-2604-022
4654a56c-a512-5e1f-893b-92c904885ec8,MOV0119,7e4fc915-892e-5b57-97ae-28f2088c2024,Sale,-5,2026-04-17T08:46:00+07:00,SO-2604-023
802cfb10-31a8-5a53-ae51-80ed4a7c585c,MOV0120,a6728b5d-22c9-5abd-ad3b-cfabcf7e84a3,Return,3,2026-04-20T09:59:00+07:00,ADJ-2604-024
92307b30-bf08-5151-962b-774315921c01,MOV0121,c0651b68-ac90-5634-8160-21fd343f90b1,Adjustment,2,2026-04-23T10:12:00+07:00,ADJ-2604-025
9150bbcc-8566-5d55-91a0-420dcb882bab,MOV0122,597b5219-d8fb-5169-aa52-a40cb33efe91,Sale,-2,2026-04-26T11:25:00+07:00,SO-2604-026
f48e9533-7b75-5d54-8c00-c624bf6a2563,MOV0123,098c62de-85f1-555d-b773-296e19c58519,Receipt,22,2026-04-02T12:38:00+07:00,GR-2604-027
fba65fa9-3626-5587-8152-aadea2d89b17,MOV0124,33ae0524-fd80-5f02-aeaa-643980d90460,Sale,-2,2026-04-05T13:51:00+07:00,SO-2604-028
c1d30171-a33a-52d5-8fcb-554d4283369d,MOV0125,dad139a9-e096-583b-9b3d-200fd135baa5,Return,2,2026-04-08T14:04:00+07:00,ADJ-2604-029
65cc2f28-6b9e-5575-98e3-e9757c3f1ea9,MOV0126,d9ecc9c8-f945-5059-a8d5-11431c394cb9,Adjustment,-1,2026-04-11T15:17:00+07:00,ADJ-2604-030
54262956-3eae-5738-a4c4-096c600986af,MOV0127,5ed4e3fb-93d2-50e3-97f1-fe1d802aadde,Sale,-5,2026-04-14T16:30:00+07:00,SO-2604-031
769b0e38-0229-54af-b1e9-33ac9dd97bca,MOV0128,4cd4842a-0a82-5897-8186-39d34b38586b,Receipt,23,2026-04-17T17:43:00+07:00,GR-2604-032
42e29477-7797-571f-8779-2c0205482888,MOV0129,3074f892-1433-5b09-b383-4520b20a720c,Sale,-6,2026-05-06T08:00:00+07:00,SO-2605-001
aef8db1a-a3eb-5547-bf00-26bb208ce623,MOV0130,68595beb-afd3-577d-af2f-f33e0cd6671b,Receipt,18,2026-05-09T09:13:00+07:00,GR-2605-002
31011fd3-279b-548e-928f-e38ded6fa2aa,MOV0131,b68be64d-5218-5788-a5fe-b3e05e66829f,Sale,-6,2026-05-12T10:26:00+07:00,SO-2605-003
cfa6f6ea-b4f3-538d-a304-83fc228f28f3,MOV0132,52da7c0f-a130-59a8-8a83-c39fafe889bb,Return,1,2026-05-15T11:39:00+07:00,ADJ-2605-004
c414a07a-e2aa-5f42-9388-4ded439fd4dc,MOV0133,e73966ab-1d84-56c1-a96e-f8b592e06e64,Adjustment,2,2026-05-18T12:52:00+07:00,ADJ-2605-005
dc6842c3-7753-5f9c-b4c8-d0a5bbec215d,MOV0134,9149bc80-9e3d-5213-bf05-fe6cd922165a,Sale,-3,2026-05-21T13:05:00+07:00,SO-2605-006
84817280-ed54-5740-b6e4-827d6676b7db,MOV0135,dd8a7027-e492-52de-92fd-8230a4f4c7c4,Receipt,19,2026-05-24T14:18:00+07:00,GR-2605-007
e5fad327-fff1-5a19-b45e-fc084744295e,MOV0136,ecd5fb99-4e96-5c34-bb2b-e6201f49ebd2,Sale,-3,2026-05-27T15:31:00+07:00,SO-2605-008
a25a994f-720a-5a77-9553-e20dd0383592,MOV0137,f19a94e4-aadf-50d6-b030-5f5aa658de63,Return,3,2026-05-03T16:44:00+07:00,ADJ-2605-009
94b84cea-a6fc-511a-802c-e76aa65c1c14,MOV0138,5d21f628-8765-55cd-a87b-bb24ed505a30,Adjustment,-1,2026-05-06T17:57:00+07:00,ADJ-2605-010
79c13b05-f89d-5713-9b0c-deaffe963793,MOV0139,f0fdb0de-8afc-5f05-b5f8-c38203b8965f,Sale,-6,2026-05-09T18:10:00+07:00,SO-2605-011
a1c013cc-a146-5cea-b779-f704da373668,MOV0140,c5bbc21c-8a87-5402-b26a-7b264efb5148,Receipt,20,2026-05-12T08:23:00+07:00,GR-2605-012
db2114ef-084c-5ce4-8f4c-fc479653c925,MOV0141,3a904409-3946-589e-9710-bdb867ec90f6,Sale,-6,2026-05-15T09:36:00+07:00,SO-2605-013
8f014fab-4fff-56ca-9fb7-62b49e8f6ed9,MOV0142,6f8d38af-9d3d-5a48-9b16-142dfed842bc,Return,2,2026-05-18T10:49:00+07:00,ADJ-2605-014
1f90f2b8-2f6b-59ad-87dd-90320fbedc61,MOV0143,27b50a36-8344-58f9-abbc-cfbe91c1fb50,Adjustment,2,2026-05-21T11:02:00+07:00,ADJ-2605-015
7a106b15-a851-5388-84c6-aed3d83a2d5f,MOV0144,881616ac-1199-50a2-b7a8-c58afcc94bb9,Sale,-3,2026-05-24T12:15:00+07:00,SO-2605-016
e80220bd-9b65-5244-ae8e-5d0b2a0a9bc2,MOV0145,6082ff32-0c2a-5998-a274-9d2e7839f3c7,Receipt,21,2026-05-27T13:28:00+07:00,GR-2605-017
3c902062-2ce9-50d9-86fe-64ab8a75ab45,MOV0146,41b74bd0-fb55-58c6-bb82-3660adea882d,Sale,-3,2026-05-03T14:41:00+07:00,SO-2605-018
1a01aa99-9a02-5e5c-a6d6-8c5a72aceaa3,MOV0147,53424a68-b787-5ed5-b9ca-17b8acb36cee,Return,1,2026-05-06T15:54:00+07:00,ADJ-2605-019
58e38386-0702-54d2-9664-e24c69340d04,MOV0148,ee812ea9-be52-5879-866e-a7ac2e0502b9,Adjustment,-1,2026-05-09T16:07:00+07:00,ADJ-2605-020
5ff559cb-4b8c-572e-9214-f593caae5928,MOV0149,40ac1c32-7c48-541b-92b8-f0f24d0755a3,Sale,-6,2026-05-12T17:20:00+07:00,SO-2605-021
eabfc3cc-ac5a-534c-920e-e635e20c80d5,MOV0150,4ced0f17-8fc1-5b29-834f-9bba6bc90386,Receipt,22,2026-05-15T18:33:00+07:00,GR-2605-022
614e9801-9b8d-5b9f-9fd7-bbb7a9f12110,MOV0151,d50c0ec7-c4e3-5563-8c9b-69308aa3a0e7,Sale,-6,2026-05-18T08:46:00+07:00,SO-2605-023
286800bb-ff02-5292-a7fc-e15caf84177d,MOV0152,99d1f116-2a3e-57ba-a443-796c53683495,Return,3,2026-05-21T09:59:00+07:00,ADJ-2605-024
14bb536c-449c-5e0a-a24c-a70a350d699a,MOV0153,d092f1c0-c824-5380-b033-5b6bc3a58ee6,Adjustment,2,2026-05-24T10:12:00+07:00,ADJ-2605-025
60346e3d-9e46-51a1-bff6-3aa9ab665e63,MOV0154,ed80dd70-9e01-5974-b4ed-f21a7923cb21,Sale,-3,2026-05-27T11:25:00+07:00,SO-2605-026
41f4ad99-8f64-54f3-9165-60cc0e4ec670,MOV0155,eeee66ba-14ce-5157-9543-ed4b8d25e734,Receipt,23,2026-05-03T12:38:00+07:00,GR-2605-027
741c5b4e-06ac-5efe-9303-26ae390486c7,MOV0156,7d35b77e-4444-5296-a951-8afc239cb4be,Sale,-3,2026-05-06T13:51:00+07:00,SO-2605-028
b0d3a641-147c-5d9f-a8eb-6bb880f05075,MOV0157,bce8902e-c7c5-5449-9be0-3611745a4df5,Return,2,2026-05-09T14:04:00+07:00,ADJ-2605-029
979db745-3eb5-52b7-a823-7a67efb6423d,MOV0158,a76568d4-389b-5ab7-98da-521b81477f91,Adjustment,-1,2026-05-12T15:17:00+07:00,ADJ-2605-030
8f4a5d5f-62e6-5374-890c-910f47ee4b10,MOV0159,53b81276-1fb0-5741-bb4e-099ad1653c52,Sale,-6,2026-05-15T16:30:00+07:00,SO-2605-031
167a98bd-e895-519c-aef6-bcad2a2cd786,MOV0160,7e4fc915-892e-5b57-97ae-28f2088c2024,Receipt,24,2026-05-18T17:43:00+07:00,GR-2605-032
7c97f1b3-2f6e-545c-a09c-2e4995540c6c,MOV0161,5ed4e3fb-93d2-50e3-97f1-fe1d802aadde,Sale,-1,2026-06-07T08:00:00+07:00,SO-2606-001
46bc6811-0388-5087-a660-aa9f24ea5880,MOV0162,4cd4842a-0a82-5897-8186-39d34b38586b,Receipt,19,2026-06-10T09:13:00+07:00,GR-2606-002
3440f731-efa4-559b-8698-922184029b3d,MOV0163,a697ab71-b593-53ad-999c-d579ea43d3b5,Sale,-1,2026-06-13T10:26:00+07:00,SO-2606-003
aa908ae9-a9c8-5363-88ea-af15742dd485,MOV0164,5743cbd7-8938-5090-a002-ef6ac36e6a77,Return,1,2026-06-16T11:39:00+07:00,ADJ-2606-004
07fca5c6-89c3-5438-8981-936cc52b803e,MOV0165,4420e743-7170-5427-a843-482d3893cc03,Adjustment,2,2026-06-19T12:52:00+07:00,ADJ-2606-005
dd50a0c7-f5d7-5d59-97d9-2ef88469f64a,MOV0166,662bd09d-481e-5c7b-994a-9de161f66f4e,Sale,-4,2026-06-22T13:05:00+07:00,SO-2606-006
a4b21b0c-ae57-5767-bd48-8d3e553f5e76,MOV0167,4f77c722-8db6-5225-b7fb-9041aca2b380,Receipt,20,2026-06-25T14:18:00+07:00,GR-2606-007
ec3bbaab-3663-5e4e-9356-6d6f8b3a8cc7,MOV0168,2654675e-2591-5485-81d2-462716402e2f,Sale,-4,2026-06-01T15:31:00+07:00,SO-2606-008
6e3057ae-f1c1-5db4-8cd8-fc13ddef1611,MOV0169,5bf88db4-0719-504b-8f01-746d4c2c5123,Return,3,2026-06-04T16:44:00+07:00,ADJ-2606-009
92dbe68e-e808-572f-9baa-e89506b7243b,MOV0170,3074f892-1433-5b09-b383-4520b20a720c,Adjustment,-1,2026-06-07T17:57:00+07:00,ADJ-2606-010
0f3caa3d-eee7-5a1e-8e07-00d45203285a,MOV0171,68595beb-afd3-577d-af2f-f33e0cd6671b,Sale,-1,2026-06-10T18:10:00+07:00,SO-2606-011
76c457cb-1675-5d1f-bc92-6b4fb61f5ea6,MOV0172,b68be64d-5218-5788-a5fe-b3e05e66829f,Receipt,21,2026-06-13T08:23:00+07:00,GR-2606-012
c4d643f4-e120-5691-9925-39d43f39a312,MOV0173,52da7c0f-a130-59a8-8a83-c39fafe889bb,Sale,-1,2026-06-16T09:36:00+07:00,SO-2606-013
bf08c00c-254e-54a7-86af-55b710891bbd,MOV0174,e73966ab-1d84-56c1-a96e-f8b592e06e64,Return,2,2026-06-19T10:49:00+07:00,ADJ-2606-014
1c32e72a-e3dc-5648-aa73-1357afb21130,MOV0175,9149bc80-9e3d-5213-bf05-fe6cd922165a,Adjustment,2,2026-06-22T11:02:00+07:00,ADJ-2606-015
48c2daef-0b91-5b7c-9584-b74648fe30eb,MOV0176,dd8a7027-e492-52de-92fd-8230a4f4c7c4,Sale,-4,2026-06-25T12:15:00+07:00,SO-2606-016
0b4e2e4d-ebca-5b4b-9639-68fd85a697a7,MOV0177,ecd5fb99-4e96-5c34-bb2b-e6201f49ebd2,Receipt,22,2026-06-01T13:28:00+07:00,GR-2606-017
f3331c38-f975-5b48-a0f6-a78979020208,MOV0178,f19a94e4-aadf-50d6-b030-5f5aa658de63,Sale,-4,2026-06-04T14:41:00+07:00,SO-2606-018
af884c62-d858-5952-8e47-c583cbfc8cd3,MOV0179,5d21f628-8765-55cd-a87b-bb24ed505a30,Return,1,2026-06-07T15:54:00+07:00,ADJ-2606-019
29cd1f88-1dfe-50a5-9902-266a138b78d1,MOV0180,f0fdb0de-8afc-5f05-b5f8-c38203b8965f,Adjustment,-1,2026-06-10T16:07:00+07:00,ADJ-2606-020
23f5533b-e76d-5cd3-baa1-b60089a97a7c,MOV0181,c5bbc21c-8a87-5402-b26a-7b264efb5148,Sale,-1,2026-06-13T17:20:00+07:00,SO-2606-021
11ecae69-5e70-5357-bf3f-ef28dd900e72,MOV0182,3a904409-3946-589e-9710-bdb867ec90f6,Receipt,23,2026-06-16T18:33:00+07:00,GR-2606-022
cb8a1bec-cca4-5f35-957e-164eee2da2c3,MOV0183,6f8d38af-9d3d-5a48-9b16-142dfed842bc,Sale,-1,2026-06-19T08:46:00+07:00,SO-2606-023
edd35294-a5b7-5388-990d-f8b092055b3f,MOV0184,27b50a36-8344-58f9-abbc-cfbe91c1fb50,Return,3,2026-06-22T09:59:00+07:00,ADJ-2606-024
fcfc9a6a-7b38-5510-9ba4-f23fc6b16e1a,MOV0185,881616ac-1199-50a2-b7a8-c58afcc94bb9,Adjustment,2,2026-06-25T10:12:00+07:00,ADJ-2606-025
122b0aa0-9258-53e5-b57c-3212895321de,MOV0186,6082ff32-0c2a-5998-a274-9d2e7839f3c7,Sale,-4,2026-06-01T11:25:00+07:00,SO-2606-026
74471dc8-f046-552c-ade3-e37994f4f2e2,MOV0187,41b74bd0-fb55-58c6-bb82-3660adea882d,Receipt,24,2026-06-04T12:38:00+07:00,GR-2606-027
835cb13c-6d1a-5c32-9d37-9e73ed59e6f9,MOV0188,53424a68-b787-5ed5-b9ca-17b8acb36cee,Sale,-4,2026-06-07T13:51:00+07:00,SO-2606-028
03960673-cb44-56ce-8549-74d924bd1291,MOV0189,ee812ea9-be52-5879-866e-a7ac2e0502b9,Return,2,2026-06-10T14:04:00+07:00,ADJ-2606-029
8460941f-02d0-5a26-934d-5f1c39aff7e3,MOV0190,40ac1c32-7c48-541b-92b8-f0f24d0755a3,Adjustment,-1,2026-06-13T15:17:00+07:00,ADJ-2606-030
7d203ed5-4441-52e8-9a4c-51cf29a5bcda,MOV0191,4ced0f17-8fc1-5b29-834f-9bba6bc90386,Sale,-1,2026-06-16T16:30:00+07:00,SO-2606-031
68e3ab71-2638-5836-9638-e1e49dbc31c5,MOV0192,d50c0ec7-c4e3-5563-8c9b-69308aa3a0e7,Receipt,25,2026-06-19T17:43:00+07:00,GR-2606-032
689695b8-469e-5e01-9f06-f19ee267ae0a,MOV0193,53b81276-1fb0-5741-bb4e-099ad1653c52,Sale,-2,2026-07-08T08:00:00+07:00,SO-2607-001
ebfbe0ae-5143-5072-b621-94f7887f4686,MOV0194,7e4fc915-892e-5b57-97ae-28f2088c2024,Receipt,20,2026-07-11T09:13:00+07:00,GR-2607-002
f90d2696-c05c-56a7-9d62-6e3f7b53f02f,MOV0195,a6728b5d-22c9-5abd-ad3b-cfabcf7e84a3,Sale,-2,2026-07-14T10:26:00+07:00,SO-2607-003
554526c9-1059-5c53-bb06-58e6fbc95f21,MOV0196,c0651b68-ac90-5634-8160-21fd343f90b1,Return,1,2026-07-17T11:39:00+07:00,ADJ-2607-004
798682e5-021b-5d65-829a-5e91f6702f50,MOV0197,597b5219-d8fb-5169-aa52-a40cb33efe91,Adjustment,2,2026-07-20T12:52:00+07:00,ADJ-2607-005
9e7efc54-57f2-57dd-a9e0-04a595d37e17,MOV0198,098c62de-85f1-555d-b773-296e19c58519,Sale,-5,2026-07-23T13:05:00+07:00,SO-2607-006
7873f175-257c-54ab-9156-62d3e2d277d3,MOV0199,33ae0524-fd80-5f02-aeaa-643980d90460,Receipt,21,2026-07-26T14:18:00+07:00,GR-2607-007
d2e42002-f827-57ff-81c2-546e7da2aef5,MOV0200,dad139a9-e096-583b-9b3d-200fd135baa5,Sale,-5,2026-07-02T15:31:00+07:00,SO-2607-008
3e031628-639f-52a8-b9b8-9bb90983c6a1,MOV0201,d9ecc9c8-f945-5059-a8d5-11431c394cb9,Return,3,2026-07-05T16:44:00+07:00,ADJ-2607-009
ebe9e54d-8493-5f99-98e9-89b01befe35f,MOV0202,5ed4e3fb-93d2-50e3-97f1-fe1d802aadde,Adjustment,-1,2026-07-08T17:57:00+07:00,ADJ-2607-010
c32e25d8-896c-55fb-9424-371c774ba11b,MOV0203,4cd4842a-0a82-5897-8186-39d34b38586b,Sale,-2,2026-07-11T18:10:00+07:00,SO-2607-011
d4910770-1892-520d-8c05-2cb13e2891e8,MOV0204,a697ab71-b593-53ad-999c-d579ea43d3b5,Receipt,22,2026-07-14T08:23:00+07:00,GR-2607-012
e9f852cc-b22e-5bcc-b245-1771bf8c4bd2,MOV0205,5743cbd7-8938-5090-a002-ef6ac36e6a77,Sale,-2,2026-07-17T09:36:00+07:00,SO-2607-013
227a5e53-4364-531d-992f-7e22083cebc1,MOV0206,4420e743-7170-5427-a843-482d3893cc03,Return,2,2026-07-20T10:49:00+07:00,ADJ-2607-014
8211a498-378c-51a1-849b-612c8e2f3f67,MOV0207,662bd09d-481e-5c7b-994a-9de161f66f4e,Adjustment,2,2026-07-23T11:02:00+07:00,ADJ-2607-015
2e7dec0b-d763-58e5-acc7-1376aa37179e,MOV0208,4f77c722-8db6-5225-b7fb-9041aca2b380,Sale,-5,2026-07-26T12:15:00+07:00,SO-2607-016
bd3516c1-90c8-52e5-a3e8-d86a45fe9b5b,MOV0209,2654675e-2591-5485-81d2-462716402e2f,Receipt,23,2026-07-02T13:28:00+07:00,GR-2607-017
ab7614b1-8e0c-5b7d-82cc-14c65f052e69,MOV0210,5bf88db4-0719-504b-8f01-746d4c2c5123,Sale,-5,2026-07-05T14:41:00+07:00,SO-2607-018
21219afa-5945-521a-87e0-800d21b682f6,MOV0211,3074f892-1433-5b09-b383-4520b20a720c,Return,1,2026-07-08T15:54:00+07:00,ADJ-2607-019
185b2324-58f1-5582-a9d6-1157bf30c86f,MOV0212,68595beb-afd3-577d-af2f-f33e0cd6671b,Adjustment,-1,2026-07-11T16:07:00+07:00,ADJ-2607-020
b021d589-6e7d-5c9d-8a89-ffa1fc2ec975,MOV0213,b68be64d-5218-5788-a5fe-b3e05e66829f,Sale,-2,2026-07-14T17:20:00+07:00,SO-2607-021
54e389e2-79e4-5d09-93d5-6903583bc976,MOV0214,52da7c0f-a130-59a8-8a83-c39fafe889bb,Receipt,24,2026-07-17T18:33:00+07:00,GR-2607-022
35392c3b-842b-501d-b716-1637788986f9,MOV0215,e73966ab-1d84-56c1-a96e-f8b592e06e64,Sale,-2,2026-07-20T08:46:00+07:00,SO-2607-023
533cd7f9-0fba-5e62-a69e-007794c39f91,MOV0216,9149bc80-9e3d-5213-bf05-fe6cd922165a,Return,3,2026-07-23T09:59:00+07:00,ADJ-2607-024
24e0211a-9b2e-5901-8960-ddd7be62fdd3,MOV0217,dd8a7027-e492-52de-92fd-8230a4f4c7c4,Adjustment,2,2026-07-26T10:12:00+07:00,ADJ-2607-025
9079b2ea-eb79-5842-82f9-8eacb1e99579,MOV0218,ecd5fb99-4e96-5c34-bb2b-e6201f49ebd2,Sale,-5,2026-07-02T11:25:00+07:00,SO-2607-026
1a83797d-2305-5b8c-9cdd-625c372c3a90,MOV0219,f19a94e4-aadf-50d6-b030-5f5aa658de63,Receipt,25,2026-07-05T12:38:00+07:00,GR-2607-027
a3496f6f-b5ea-5ede-aeb4-87c82b65392b,MOV0220,5d21f628-8765-55cd-a87b-bb24ed505a30,Sale,-5,2026-07-08T13:51:00+07:00,SO-2607-028
752a101b-1233-57c4-859c-b922170cd497,MOV0221,f0fdb0de-8afc-5f05-b5f8-c38203b8965f,Return,2,2026-07-11T14:04:00+07:00,ADJ-2607-029
e2546a9b-f109-5a84-b42e-af70b3aa2861,MOV0222,c5bbc21c-8a87-5402-b26a-7b264efb5148,Adjustment,-1,2026-07-14T15:17:00+07:00,ADJ-2607-030
4f0f08e6-7e28-5838-9782-c00a7f7b67ac,MOV0223,3a904409-3946-589e-9710-bdb867ec90f6,Sale,-2,2026-07-17T16:30:00+07:00,SO-2607-031
d17b0459-3911-5005-b8a3-bc6ed5cc73f9,MOV0224,6f8d38af-9d3d-5a48-9b16-142dfed842bc,Receipt,26,2026-07-20T17:43:00+07:00,GR-2607-032
ee9fffb3-b69e-5679-a6b6-c26d6d672f82,MOV0225,4ced0f17-8fc1-5b29-834f-9bba6bc90386,Sale,-3,2026-08-09T08:00:00+07:00,SO-2608-001
ea7026f1-5c03-5e82-a4cf-31ac391845e6,MOV0226,d50c0ec7-c4e3-5563-8c9b-69308aa3a0e7,Receipt,21,2026-08-12T09:13:00+07:00,GR-2608-002
152ac631-2993-5146-a59e-ee02ac324bc4,MOV0227,99d1f116-2a3e-57ba-a443-796c53683495,Sale,-3,2026-08-15T10:26:00+07:00,SO-2608-003
4b387275-b36b-5d47-8cae-e7be0ace9460,MOV0228,d092f1c0-c824-5380-b033-5b6bc3a58ee6,Return,1,2026-08-18T11:39:00+07:00,ADJ-2608-004
80d2bca5-f699-530f-bafb-3add335c7fad,MOV0229,ed80dd70-9e01-5974-b4ed-f21a7923cb21,Adjustment,2,2026-08-21T12:52:00+07:00,ADJ-2608-005
30b3bfca-fb09-5ab8-95b1-08fb2c7221f6,MOV0230,eeee66ba-14ce-5157-9543-ed4b8d25e734,Sale,-6,2026-08-24T13:05:00+07:00,SO-2608-006
54953abc-e7ee-5f5e-9a9a-b07a82ff20dc,MOV0231,7d35b77e-4444-5296-a951-8afc239cb4be,Receipt,22,2026-08-27T14:18:00+07:00,GR-2608-007
5db83d42-67b6-582f-a1de-2b1d745a4479,MOV0232,bce8902e-c7c5-5449-9be0-3611745a4df5,Sale,-6,2026-08-03T15:31:00+07:00,SO-2608-008
4fcd0fd2-27e5-56c8-8694-d2785197f255,MOV0233,a76568d4-389b-5ab7-98da-521b81477f91,Return,3,2026-08-06T16:44:00+07:00,ADJ-2608-009
781e03e4-c362-537a-8f84-14e5395bef60,MOV0234,53b81276-1fb0-5741-bb4e-099ad1653c52,Adjustment,-1,2026-08-09T17:57:00+07:00,ADJ-2608-010
c3fff376-10b2-583e-8e58-8a00f21da990,MOV0235,7e4fc915-892e-5b57-97ae-28f2088c2024,Sale,-3,2026-08-12T18:10:00+07:00,SO-2608-011
91f6bfbd-3e2a-51b2-88fa-ee8fc250700c,MOV0236,a6728b5d-22c9-5abd-ad3b-cfabcf7e84a3,Receipt,23,2026-08-15T08:23:00+07:00,GR-2608-012
cb02c802-6ac6-5085-9907-bac0280bd224,MOV0237,c0651b68-ac90-5634-8160-21fd343f90b1,Sale,-3,2026-08-18T09:36:00+07:00,SO-2608-013
40e377fa-8509-518a-9881-b05639cb607c,MOV0238,597b5219-d8fb-5169-aa52-a40cb33efe91,Return,2,2026-08-21T10:49:00+07:00,ADJ-2608-014
7fde22f0-d57f-5d0d-8ad7-af1374e2bce4,MOV0239,098c62de-85f1-555d-b773-296e19c58519,Adjustment,2,2026-08-24T11:02:00+07:00,ADJ-2608-015
274b4a54-010a-53eb-a55c-e23cb588be1b,MOV0240,33ae0524-fd80-5f02-aeaa-643980d90460,Sale,-6,2026-08-27T12:15:00+07:00,SO-2608-016
f33c064b-35fe-5e53-8d16-2eee911fd291,MOV0241,dad139a9-e096-583b-9b3d-200fd135baa5,Receipt,24,2026-08-03T13:28:00+07:00,GR-2608-017
7354bd08-a37f-5dde-9f13-66db82947c40,MOV0242,d9ecc9c8-f945-5059-a8d5-11431c394cb9,Sale,-6,2026-08-06T14:41:00+07:00,SO-2608-018
f65b1085-ac18-5413-9d79-354ecec23f77,MOV0243,5ed4e3fb-93d2-50e3-97f1-fe1d802aadde,Return,1,2026-08-09T15:54:00+07:00,ADJ-2608-019
8c529715-67dc-555e-a06e-7453b04bece4,MOV0244,4cd4842a-0a82-5897-8186-39d34b38586b,Adjustment,-1,2026-08-12T16:07:00+07:00,ADJ-2608-020
31425719-2396-5be8-a1b2-b239d0dd0d2b,MOV0245,a697ab71-b593-53ad-999c-d579ea43d3b5,Sale,-3,2026-08-15T17:20:00+07:00,SO-2608-021
6f88a7d7-c516-5c73-b58a-fccb9352a6f9,MOV0246,5743cbd7-8938-5090-a002-ef6ac36e6a77,Receipt,25,2026-08-18T18:33:00+07:00,GR-2608-022
613167a0-d847-5e4f-9160-098b8e875bf7,MOV0247,4420e743-7170-5427-a843-482d3893cc03,Sale,-3,2026-08-21T08:46:00+07:00,SO-2608-023
c9f1ed37-91bf-5b44-b423-35d5a8fc5bb7,MOV0248,662bd09d-481e-5c7b-994a-9de161f66f4e,Return,3,2026-08-24T09:59:00+07:00,ADJ-2608-024
824a7478-a64d-5c18-ad18-95592bacc2aa,MOV0249,4f77c722-8db6-5225-b7fb-9041aca2b380,Adjustment,2,2026-08-27T10:12:00+07:00,ADJ-2608-025
c5cf6d8b-fa07-5091-adeb-47f4eead9c5a,MOV0250,2654675e-2591-5485-81d2-462716402e2f,Sale,-6,2026-08-03T11:25:00+07:00,SO-2608-026
2eaecbf9-f062-5c11-b4aa-753fd5c3a210,MOV0251,5bf88db4-0719-504b-8f01-746d4c2c5123,Receipt,26,2026-08-06T12:38:00+07:00,GR-2608-027
d9a9c910-b914-5e07-ae0a-8e65e731232f,MOV0252,3074f892-1433-5b09-b383-4520b20a720c,Sale,-6,2026-08-09T13:51:00+07:00,SO-2608-028
63d5dcd0-6c5f-55cd-9cf1-8468d4a12ee3,MOV0253,68595beb-afd3-577d-af2f-f33e0cd6671b,Return,2,2026-08-12T14:04:00+07:00,ADJ-2608-029
a0e902c0-86fb-5fdf-867e-e7b76d288490,MOV0254,b68be64d-5218-5788-a5fe-b3e05e66829f,Adjustment,-1,2026-08-15T15:17:00+07:00,ADJ-2608-030
8996fc3b-2c79-5273-a289-9d3ed21316eb,MOV0255,52da7c0f-a130-59a8-8a83-c39fafe889bb,Sale,-3,2026-08-18T16:30:00+07:00,SO-2608-031
70207712-0b8a-52a8-8f84-b0cd00400ab4,MOV0256,e73966ab-1d84-56c1-a96e-f8b592e06e64,Receipt,27,2026-08-21T17:43:00+07:00,GR-2608-032
1a4f0d28-c4dd-51b3-9d86-c4f3bafe363e,MOV0257,3a904409-3946-589e-9710-bdb867ec90f6,Sale,-4,2026-09-10T08:00:00+07:00,SO-2609-001
55e52287-1c3c-5c77-89aa-473192a5cb1f,MOV0258,6f8d38af-9d3d-5a48-9b16-142dfed842bc,Receipt,22,2026-09-13T09:13:00+07:00,GR-2609-002
17c8d0b3-938f-5d01-883c-9f09c73ae175,MOV0259,27b50a36-8344-58f9-abbc-cfbe91c1fb50,Sale,-4,2026-09-16T10:26:00+07:00,SO-2609-003
ad063430-b921-589c-ab8a-68deb27cd766,MOV0260,881616ac-1199-50a2-b7a8-c58afcc94bb9,Return,1,2026-09-19T11:39:00+07:00,ADJ-2609-004
4ea9d191-3f85-5cd3-ba8d-515562e5d3c1,MOV0261,6082ff32-0c2a-5998-a274-9d2e7839f3c7,Adjustment,2,2026-09-22T12:52:00+07:00,ADJ-2609-005
6033e723-949e-52c5-a339-1f1d1b215908,MOV0262,41b74bd0-fb55-58c6-bb82-3660adea882d,Sale,-1,2026-09-25T13:05:00+07:00,SO-2609-006
7da8f359-8f76-5bab-be76-8861344d1d3b,MOV0263,53424a68-b787-5ed5-b9ca-17b8acb36cee,Receipt,23,2026-09-01T14:18:00+07:00,GR-2609-007
7154db81-ea3d-5aa1-8018-45eb22a64c3f,MOV0264,ee812ea9-be52-5879-866e-a7ac2e0502b9,Sale,-1,2026-09-04T15:31:00+07:00,SO-2609-008
dc2cfa8e-6cef-59ff-9e54-3c8bfd776b89,MOV0265,40ac1c32-7c48-541b-92b8-f0f24d0755a3,Return,3,2026-09-07T16:44:00+07:00,ADJ-2609-009
fdc116f7-cba5-5b5f-9a34-b50226764c4c,MOV0266,4ced0f17-8fc1-5b29-834f-9bba6bc90386,Adjustment,-1,2026-09-10T17:57:00+07:00,ADJ-2609-010
85153a2c-f52b-5635-9e79-fea9b375ca4b,MOV0267,d50c0ec7-c4e3-5563-8c9b-69308aa3a0e7,Sale,-4,2026-09-13T18:10:00+07:00,SO-2609-011
df778e4a-bfda-5b39-a184-14d7608ca9d6,MOV0268,99d1f116-2a3e-57ba-a443-796c53683495,Receipt,24,2026-09-16T08:23:00+07:00,GR-2609-012
6b9031cb-38f9-5eca-8ec9-cae0d68fe1ab,MOV0269,d092f1c0-c824-5380-b033-5b6bc3a58ee6,Sale,-4,2026-09-19T09:36:00+07:00,SO-2609-013
275cc75b-5f75-5007-8738-62e1142daad0,MOV0270,ed80dd70-9e01-5974-b4ed-f21a7923cb21,Return,2,2026-09-22T10:49:00+07:00,ADJ-2609-014
c1b214e9-df9c-546c-9c87-5d8206006183,MOV0271,eeee66ba-14ce-5157-9543-ed4b8d25e734,Adjustment,2,2026-09-25T11:02:00+07:00,ADJ-2609-015
17ab9e9a-f8b8-51e7-933b-1092a55629da,MOV0272,7d35b77e-4444-5296-a951-8afc239cb4be,Sale,-1,2026-09-01T12:15:00+07:00,SO-2609-016
f4ab658e-e666-5c11-9487-9ed8cc488765,MOV0273,bce8902e-c7c5-5449-9be0-3611745a4df5,Receipt,25,2026-09-04T13:28:00+07:00,GR-2609-017
9c431285-18fc-565d-bf3f-906b4fca33e0,MOV0274,a76568d4-389b-5ab7-98da-521b81477f91,Sale,-1,2026-09-07T14:41:00+07:00,SO-2609-018
ed3848e9-0c9b-5dbe-bc41-6f18b6f7824f,MOV0275,53b81276-1fb0-5741-bb4e-099ad1653c52,Return,1,2026-09-10T15:54:00+07:00,ADJ-2609-019
03ca66f5-782c-5b40-94e0-440c9bae3ef0,MOV0276,7e4fc915-892e-5b57-97ae-28f2088c2024,Adjustment,-1,2026-09-13T16:07:00+07:00,ADJ-2609-020
0e88f2fd-aa1b-5675-9fb4-d233ec517fb6,MOV0277,a6728b5d-22c9-5abd-ad3b-cfabcf7e84a3,Sale,-4,2026-09-16T17:20:00+07:00,SO-2609-021
8da376d4-333d-5999-907d-a355d2e5ffa1,MOV0278,c0651b68-ac90-5634-8160-21fd343f90b1,Receipt,26,2026-09-19T18:33:00+07:00,GR-2609-022
1c8155e4-062e-5772-9072-e80e53a4cff1,MOV0279,597b5219-d8fb-5169-aa52-a40cb33efe91,Sale,-4,2026-09-22T08:46:00+07:00,SO-2609-023
f9bc651f-822a-5115-a3fc-20d41d05f407,MOV0280,098c62de-85f1-555d-b773-296e19c58519,Return,3,2026-09-25T09:59:00+07:00,ADJ-2609-024
ad05f1cd-7efd-5a4a-831b-d2fa885516c8,MOV0281,33ae0524-fd80-5f02-aeaa-643980d90460,Adjustment,2,2026-09-01T10:12:00+07:00,ADJ-2609-025
defab40d-ce4d-5384-be3b-28b12484ceba,MOV0282,dad139a9-e096-583b-9b3d-200fd135baa5,Sale,-1,2026-09-04T11:25:00+07:00,SO-2609-026
1691390f-aa9b-5f1d-9d40-8269c67b8f0e,MOV0283,d9ecc9c8-f945-5059-a8d5-11431c394cb9,Receipt,27,2026-09-07T12:38:00+07:00,GR-2609-027
b69ef19f-347b-5f1f-8fa1-65892754a27f,MOV0284,5ed4e3fb-93d2-50e3-97f1-fe1d802aadde,Sale,-1,2026-09-10T13:51:00+07:00,SO-2609-028
88c01c51-0505-57ce-8721-5546eeb9f054,MOV0285,4cd4842a-0a82-5897-8186-39d34b38586b,Return,2,2026-09-13T14:04:00+07:00,ADJ-2609-029
fb45eece-4ae2-5588-8fc9-2a4140bed85e,MOV0286,a697ab71-b593-53ad-999c-d579ea43d3b5,Adjustment,-1,2026-09-16T15:17:00+07:00,ADJ-2609-030
1bfed865-a610-5fdc-b0a6-27ff10aa9d55,MOV0287,5743cbd7-8938-5090-a002-ef6ac36e6a77,Sale,-4,2026-09-19T16:30:00+07:00,SO-2609-031
8823e34d-dc06-5b65-99d0-f44aac77a479,MOV0288,4420e743-7170-5427-a843-482d3893cc03,Receipt,28,2026-09-22T17:43:00+07:00,GR-2609-032
f4ec3f07-00fa-56b3-8a0a-65905927be95,MOV0289,52da7c0f-a130-59a8-8a83-c39fafe889bb,Sale,-5,2026-10-11T08:00:00+07:00,SO-2610-001
bdacf02a-6632-5470-88dc-63766bacf4cc,MOV0290,e73966ab-1d84-56c1-a96e-f8b592e06e64,Receipt,23,2026-10-14T09:13:00+07:00,GR-2610-002
27ecbf34-390d-56ed-8447-75d0a1c79211,MOV0291,9149bc80-9e3d-5213-bf05-fe6cd922165a,Sale,-5,2026-10-17T10:26:00+07:00,SO-2610-003
c6234cf0-4588-5b07-9898-eab3e179116a,MOV0292,dd8a7027-e492-52de-92fd-8230a4f4c7c4,Return,1,2026-10-20T11:39:00+07:00,ADJ-2610-004
15c90b4e-7b7a-5e23-a289-1ea23d62e8f0,MOV0293,ecd5fb99-4e96-5c34-bb2b-e6201f49ebd2,Adjustment,2,2026-10-23T12:52:00+07:00,ADJ-2610-005
ee9f3d9e-c75a-5b47-944b-123a735cb73e,MOV0294,f19a94e4-aadf-50d6-b030-5f5aa658de63,Sale,-2,2026-10-26T13:05:00+07:00,SO-2610-006
81bbdac1-9050-574b-84c9-275dd555b194,MOV0295,5d21f628-8765-55cd-a87b-bb24ed505a30,Receipt,24,2026-10-02T14:18:00+07:00,GR-2610-007
d665ac66-4e35-5b4a-bdde-df4bba9fae9d,MOV0296,f0fdb0de-8afc-5f05-b5f8-c38203b8965f,Sale,-2,2026-10-05T15:31:00+07:00,SO-2610-008
14280b21-3b68-53ad-9991-9ac82630744e,MOV0297,c5bbc21c-8a87-5402-b26a-7b264efb5148,Return,3,2026-10-08T16:44:00+07:00,ADJ-2610-009
fc478103-89c6-572e-a855-aeb3fbed6e41,MOV0298,3a904409-3946-589e-9710-bdb867ec90f6,Adjustment,-1,2026-10-11T17:57:00+07:00,ADJ-2610-010
4e7667fe-d0b7-5af5-a747-aa2e0d2fbd52,MOV0299,6f8d38af-9d3d-5a48-9b16-142dfed842bc,Sale,-5,2026-10-14T18:10:00+07:00,SO-2610-011
5d4db3cb-5a5e-5e7b-8f8f-465326f0764e,MOV0300,27b50a36-8344-58f9-abbc-cfbe91c1fb50,Receipt,25,2026-10-17T08:23:00+07:00,GR-2610-012
020bbd7c-c5a9-550c-854d-888deac3ebd2,MOV0301,881616ac-1199-50a2-b7a8-c58afcc94bb9,Sale,-5,2026-10-20T09:36:00+07:00,SO-2610-013
4cf35082-b24f-5886-bd37-a05483fb40d1,MOV0302,6082ff32-0c2a-5998-a274-9d2e7839f3c7,Return,2,2026-10-23T10:49:00+07:00,ADJ-2610-014
63568008-fa68-5e15-9e7c-b30afdd84a18,MOV0303,41b74bd0-fb55-58c6-bb82-3660adea882d,Adjustment,2,2026-10-26T11:02:00+07:00,ADJ-2610-015
a5cc459d-ec76-5652-bc04-8642f6ab460a,MOV0304,53424a68-b787-5ed5-b9ca-17b8acb36cee,Sale,-2,2026-10-02T12:15:00+07:00,SO-2610-016
230b917d-d0d5-50a9-bf7b-b22841abffc6,MOV0305,ee812ea9-be52-5879-866e-a7ac2e0502b9,Receipt,26,2026-10-05T13:28:00+07:00,GR-2610-017
14fbec41-3340-5fca-b3f0-73686bcd6e9e,MOV0306,40ac1c32-7c48-541b-92b8-f0f24d0755a3,Sale,-2,2026-10-08T14:41:00+07:00,SO-2610-018
5967a4dd-85c3-5052-a516-afe52f549404,MOV0307,4ced0f17-8fc1-5b29-834f-9bba6bc90386,Return,1,2026-10-11T15:54:00+07:00,ADJ-2610-019
696b1abd-2959-5c0a-b458-178027d89800,MOV0308,d50c0ec7-c4e3-5563-8c9b-69308aa3a0e7,Adjustment,-1,2026-10-14T16:07:00+07:00,ADJ-2610-020
cc77f182-b75a-571e-8a67-23374637964c,MOV0309,99d1f116-2a3e-57ba-a443-796c53683495,Sale,-5,2026-10-17T17:20:00+07:00,SO-2610-021
8d795502-ba8e-5e05-bc9f-827272b85466,MOV0310,d092f1c0-c824-5380-b033-5b6bc3a58ee6,Receipt,27,2026-10-20T18:33:00+07:00,GR-2610-022
923262cf-01f0-5eb1-9993-22a338e76dfd,MOV0311,ed80dd70-9e01-5974-b4ed-f21a7923cb21,Sale,-5,2026-10-23T08:46:00+07:00,SO-2610-023
7a21d88b-b85e-52f4-a481-7b4ced4ee69c,MOV0312,eeee66ba-14ce-5157-9543-ed4b8d25e734,Return,3,2026-10-26T09:59:00+07:00,ADJ-2610-024
565863dc-07d5-5bef-9775-5702bd4060b4,MOV0313,7d35b77e-4444-5296-a951-8afc239cb4be,Adjustment,2,2026-10-02T10:12:00+07:00,ADJ-2610-025
5ab1a707-92d5-56e4-b74a-2c02ca8ea225,MOV0314,bce8902e-c7c5-5449-9be0-3611745a4df5,Sale,-2,2026-10-05T11:25:00+07:00,SO-2610-026
86255809-c082-59d1-afe6-6337d5f5a94f,MOV0315,a76568d4-389b-5ab7-98da-521b81477f91,Receipt,28,2026-10-08T12:38:00+07:00,GR-2610-027
ab75e3d7-5fac-5964-a402-b672e6d27003,MOV0316,53b81276-1fb0-5741-bb4e-099ad1653c52,Sale,-2,2026-10-11T13:51:00+07:00,SO-2610-028
a2fd3e41-545f-5d8c-b661-9cb6f1780bfa,MOV0317,7e4fc915-892e-5b57-97ae-28f2088c2024,Return,2,2026-10-14T14:04:00+07:00,ADJ-2610-029
cb39fae6-b03b-56a8-b7e3-0b3285bb0dbd,MOV0318,a6728b5d-22c9-5abd-ad3b-cfabcf7e84a3,Adjustment,-1,2026-10-17T15:17:00+07:00,ADJ-2610-030
7c2cb008-95e5-5f42-975c-617e45cd638e,MOV0319,c0651b68-ac90-5634-8160-21fd343f90b1,Sale,-5,2026-10-20T16:30:00+07:00,SO-2610-031
ee871e01-bf62-5c0a-aca2-763e288f8030,MOV0320,597b5219-d8fb-5169-aa52-a40cb33efe91,Receipt,29,2026-10-23T17:43:00+07:00,GR-2610-032
