code,name,descr
AE,United Arab Emirates,United Arab Emirates
AT,Austria,Austria
AU,Australia,Australia
BE,Belgium,Belgium
BG,Bulgaria,Bulgaria
BR,Brazil,Brazil
CA,Canada,Canada
CH,Switzerland,Switzerland
CZ,Czechia,Czechia
DE,Germany,Germany
DK,Denmark,Denmark
FR,France,France
GB,United Kingdom,United Kingdom
IE,Ireland,Ireland
IN,India,India
IT,Italy,Italy
JP,Japan,Japan
KR,South Korea,South Korea
MX,Mexico,Mexico
NG,Nigeria,Nigeria
NZ,New Zealand,New Zealand
PT,Portugal,Portugal
SE,Sweden,Sweden
SG,Singapore,Singapore
US,United States,United States
VN,Vietnam,Vietnam
